pair,type,metric,feature,is_bivariate_normal,recommendation,marginal_normality_x,marginal_normality_y,correlation
entropy_amplitude_vs_genre_acoustic,metric_vs_genre,entropy_amplitude,genre_acoustic,False,Данные НЕ подходят для корреляции Пирсона,"{'statistic': 0.9536118702203846, 'p_value': 3.926089392344299e-18, 'is_normal': False}","{'statistic': 0.3242849595135988, 'p_value': 7.027685332567793e-53, 'is_normal': False}",-0.03448570883964302
entropy_amplitude_vs_genre_blues,metric_vs_genre,entropy_amplitude,genre_blues,False,Данные НЕ подходят для корреляции Пирсона,"{'statistic': 0.9536118702203846, 'p_value': 3.926089392344299e-18, 'is_normal': False}","{'statistic': 0.3242849595135988, 'p_value': 7.027685332567793e-53, 'is_normal': False}",0.030909461302819966
entropy_amplitude_vs_genre_classical,metric_vs_genre,entropy_amplitude,genre_classical,False,Данные НЕ подходят для корреляции Пирсона,"{'statistic': 0.9536118702203846, 'p_value': 3.926089392344299e-18, 'is_normal': False}","{'statistic': 0.3185524381744279, 'p_value': 5.092764577538537e-53, 'is_normal': False}",-0.1508134574362476
entropy_amplitude_vs_genre_country,metric_vs_genre,entropy_amplitude,genre_country,False,Данные НЕ подходят для корреляции Пирсона,"{'statistic': 0.9536118702203846, 'p_value': 3.926089392344299e-18, 'is_normal': False}","{'statistic': 0.3242849595135988, 'p_value': 7.027685332567793e-53, 'is_normal': False}",0.04374348080408431
entropy_amplitude_vs_genre_disco,metric_vs_genre,entropy_amplitude,genre_disco,False,Данные НЕ подходят для корреляции Пирсона,"{'statistic': 0.9536118702203846, 'p_value': 3.926089392344299e-18, 'is_normal': False}","{'statistic': 0.3242849595135988, 'p_value': 7.027685332567793e-53, 'is_normal': False}",-0.15752550834894677
entropy_amplitude_vs_genre_hip-hop,metric_vs_genre,entropy_amplitude,genre_hip-hop,False,Данные НЕ подходят для корреляции Пирсона,"{'statistic': 0.9536118702203846, 'p_value': 3.926089392344299e-18, 'is_normal': False}","{'statistic': 0.3242849595135988, 'p_value': 7.027685332567793e-53, 'is_normal': False}",-0.06959106338597525
entropy_amplitude_vs_genre_jazz,metric_vs_genre,entropy_amplitude,genre_jazz,False,Данные НЕ подходят для корреляции Пирсона,"{'statistic': 0.9536118702203846, 'p_value': 3.926089392344299e-18, 'is_normal': False}","{'statistic': 0.3242849595135988, 'p_value': 7.027685332567793e-53, 'is_normal': False}",-0.18126336587837957
entropy_amplitude_vs_genre_metal,metric_vs_genre,entropy_amplitude,genre_metal,False,Данные НЕ подходят для корреляции Пирсона,"{'statistic': 0.9536118702203846, 'p_value': 3.926089392344299e-18, 'is_normal': False}","{'statistic': 0.3242849595135988, 'p_value': 7.027685332567793e-53, 'is_normal': False}",0.35564706634552645
entropy_amplitude_vs_genre_pop,metric_vs_genre,entropy_amplitude,genre_pop,False,Данные НЕ подходят для корреляции Пирсона,"{'statistic': 0.9536118702203846, 'p_value': 3.926089392344299e-18, 'is_normal': False}","{'statistic': 0.3242849595135988, 'p_value': 7.027685332567793e-53, 'is_normal': False}",0.05882208766314355
entropy_amplitude_vs_genre_reggae,metric_vs_genre,entropy_amplitude,genre_reggae,False,Данные НЕ подходят для корреляции Пирсона,"{'statistic': 0.9536118702203846, 'p_value': 3.926089392344299e-18, 'is_normal': False}","{'statistic': 0.3242849595135988, 'p_value': 7.027685332567793e-53, 'is_normal': False}",-0.018683243944183973
entropy_amplitude_vs_genre_rock,metric_vs_genre,entropy_amplitude,genre_rock,False,Данные НЕ подходят для корреляции Пирсона,"{'statistic': 0.9536118702203846, 'p_value': 3.926089392344299e-18, 'is_normal': False}","{'statistic': 0.3242849595135988, 'p_value': 7.027685332567793e-53, 'is_normal': False}",0.12118412757367536
complexity_amplitude_vs_genre_acoustic,metric_vs_genre,complexity_amplitude,genre_acoustic,False,Данные НЕ подходят для корреляции Пирсона,"{'statistic': 0.9978316070440114, 'p_value': 0.16162423696562492, 'is_normal': True}","{'statistic': 0.3242849595135988, 'p_value': 7.027685332567793e-53, 'is_normal': False}",0.016912991351519215
complexity_amplitude_vs_genre_blues,metric_vs_genre,complexity_amplitude,genre_blues,False,Данные НЕ подходят для корреляции Пирсона,"{'statistic': 0.9978316070440114, 'p_value': 0.16162423696562492, 'is_normal': True}","{'statistic': 0.3242849595135988, 'p_value': 7.027685332567793e-53, 'is_normal': False}",-0.02611200618028293
complexity_amplitude_vs_genre_classical,metric_vs_genre,complexity_amplitude,genre_classical,False,Данные НЕ подходят для корреляции Пирсона,"{'statistic': 0.9978316070440114, 'p_value': 0.16162423696562492, 'is_normal': True}","{'statistic': 0.3185524381744279, 'p_value': 5.092764577538537e-53, 'is_normal': False}",0.09701218284505515
complexity_amplitude_vs_genre_country,metric_vs_genre,complexity_amplitude,genre_country,False,Данные НЕ подходят для корреляции Пирсона,"{'statistic': 0.9978316070440114, 'p_value': 0.16162423696562492, 'is_normal': True}","{'statistic': 0.3242849595135988, 'p_value': 7.027685332567793e-53, 'is_normal': False}",-0.04356404459248445
complexity_amplitude_vs_genre_disco,metric_vs_genre,complexity_amplitude,genre_disco,False,Данные НЕ подходят для корреляции Пирсона,"{'statistic': 0.9978316070440114, 'p_value': 0.16162423696562492, 'is_normal': True}","{'statistic': 0.3242849595135988, 'p_value': 7.027685332567793e-53, 'is_normal': False}",0.24565742598775658
complexity_amplitude_vs_genre_hip-hop,metric_vs_genre,complexity_amplitude,genre_hip-hop,False,Данные НЕ подходят для корреляции Пирсона,"{'statistic': 0.9978316070440114, 'p_value': 0.16162423696562492, 'is_normal': True}","{'statistic': 0.3242849595135988, 'p_value': 7.027685332567793e-53, 'is_normal': False}",0.06413623227847359
complexity_amplitude_vs_genre_jazz,metric_vs_genre,complexity_amplitude,genre_jazz,False,Данные НЕ подходят для корреляции Пирсона,"{'statistic': 0.9978316070440114, 'p_value': 0.16162423696562492, 'is_normal': True}","{'statistic': 0.3242849595135988, 'p_value': 7.027685332567793e-53, 'is_normal': False}",0.15009269981624113
complexity_amplitude_vs_genre_metal,metric_vs_genre,complexity_amplitude,genre_metal,False,Данные НЕ подходят для корреляции Пирсона,"{'statistic': 0.9978316070440114, 'p_value': 0.16162423696562492, 'is_normal': True}","{'statistic': 0.3242849595135988, 'p_value': 7.027685332567793e-53, 'is_normal': False}",-0.431992922769993
complexity_amplitude_vs_genre_pop,metric_vs_genre,complexity_amplitude,genre_pop,False,Данные НЕ подходят для корреляции Пирсона,"{'statistic': 0.9978316070440114, 'p_value': 0.16162423696562492, 'is_normal': True}","{'statistic': 0.3242849595135988, 'p_value': 7.027685332567793e-53, 'is_normal': False}",-0.04657527723834507
complexity_amplitude_vs_genre_reggae,metric_vs_genre,complexity_amplitude,genre_reggae,False,Данные НЕ подходят для корреляции Пирсона,"{'statistic': 0.9978316070440114, 'p_value': 0.16162423696562492, 'is_normal': True}","{'statistic': 0.3242849595135988, 'p_value': 7.027685332567793e-53, 'is_normal': False}",0.0924423281218892
complexity_amplitude_vs_genre_rock,metric_vs_genre,complexity_amplitude,genre_rock,False,Данные НЕ подходят для корреляции Пирсона,"{'statistic': 0.9978316070440114, 'p_value': 0.16162423696562492, 'is_normal': True}","{'statistic': 0.3242849595135988, 'p_value': 7.027685332567793e-53, 'is_normal': False}",-0.11668698831790446
entropy_flux_vs_genre_acoustic,metric_vs_genre,entropy_flux,genre_acoustic,False,Данные НЕ подходят для корреляции Пирсона,"{'statistic': 0.9939299930360626, 'p_value': 0.00019515759668635845, 'is_normal': False}","{'statistic': 0.3242849595135988, 'p_value': 7.027685332567793e-53, 'is_normal': False}",0.12090233492300667
entropy_flux_vs_genre_blues,metric_vs_genre,entropy_flux,genre_blues,False,Данные НЕ подходят для корреляции Пирсона,"{'statistic': 0.9939299930360626, 'p_value': 0.00019515759668635845, 'is_normal': False}","{'statistic': 0.3242849595135988, 'p_value': 7.027685332567793e-53, 'is_normal': False}",-0.10461000119947979
entropy_flux_vs_genre_classical,metric_vs_genre,entropy_flux,genre_classical,False,Данные НЕ подходят для корреляции Пирсона,"{'statistic': 0.9939299930360626, 'p_value': 0.00019515759668635845, 'is_normal': False}","{'statistic': 0.3185524381744279, 'p_value': 5.092764577538537e-53, 'is_normal': False}",0.2927449074877887
entropy_flux_vs_genre_country,metric_vs_genre,entropy_flux,genre_country,False,Данные НЕ подходят для корреляции Пирсона,"{'statistic': 0.9939299930360626, 'p_value': 0.00019515759668635845, 'is_normal': False}","{'statistic': 0.3242849595135988, 'p_value': 7.027685332567793e-53, 'is_normal': False}",0.007438212363943714
entropy_flux_vs_genre_disco,metric_vs_genre,entropy_flux,genre_disco,False,Данные НЕ подходят для корреляции Пирсона,"{'statistic': 0.9939299930360626, 'p_value': 0.00019515759668635845, 'is_normal': False}","{'statistic': 0.3242849595135988, 'p_value': 7.027685332567793e-53, 'is_normal': False}",-0.2671615564967834
entropy_flux_vs_genre_hip-hop,metric_vs_genre,entropy_flux,genre_hip-hop,False,Данные НЕ подходят для корреляции Пирсона,"{'statistic': 0.9939299930360626, 'p_value': 0.00019515759668635845, 'is_normal': False}","{'statistic': 0.3242849595135988, 'p_value': 7.027685332567793e-53, 'is_normal': False}",-0.008106659517751929
entropy_flux_vs_genre_jazz,metric_vs_genre,entropy_flux,genre_jazz,False,Данные НЕ подходят для корреляции Пирсона,"{'statistic': 0.9939299930360626, 'p_value': 0.00019515759668635845, 'is_normal': False}","{'statistic': 0.3242849595135988, 'p_value': 7.027685332567793e-53, 'is_normal': False}",0.018928547921042743
entropy_flux_vs_genre_metal,metric_vs_genre,entropy_flux,genre_metal,False,Данные НЕ подходят для корреляции Пирсона,"{'statistic': 0.9939299930360626, 'p_value': 0.00019515759668635845, 'is_normal': False}","{'statistic': 0.3242849595135988, 'p_value': 7.027685332567793e-53, 'is_normal': False}",0.1441337494135159
entropy_flux_vs_genre_pop,metric_vs_genre,entropy_flux,genre_pop,False,Данные НЕ подходят для корреляции Пирсона,"{'statistic': 0.9939299930360626, 'p_value': 0.00019515759668635845, 'is_normal': False}","{'statistic': 0.3242849595135988, 'p_value': 7.027685332567793e-53, 'is_normal': False}",0.05053776821222117
entropy_flux_vs_genre_reggae,metric_vs_genre,entropy_flux,genre_reggae,False,Данные НЕ подходят для корреляции Пирсона,"{'statistic': 0.9939299930360626, 'p_value': 0.00019515759668635845, 'is_normal': False}","{'statistic': 0.3242849595135988, 'p_value': 7.027685332567793e-53, 'is_normal': False}",-0.18910263773870717
entropy_flux_vs_genre_rock,metric_vs_genre,entropy_flux,genre_rock,False,Данные НЕ подходят для корреляции Пирсона,"{'statistic': 0.9939299930360626, 'p_value': 0.00019515759668635845, 'is_normal': False}","{'statistic': 0.3242849595135988, 'p_value': 7.027685332567793e-53, 'is_normal': False}",-0.06171351045074044
complexity_flux_vs_genre_acoustic,metric_vs_genre,complexity_flux,genre_acoustic,False,Данные НЕ подходят для корреляции Пирсона,"{'statistic': 0.9670314133937447, 'p_value': 4.491401996377669e-15, 'is_normal': False}","{'statistic': 0.3242849595135988, 'p_value': 7.027685332567793e-53, 'is_normal': False}",-0.0922954608783285
complexity_flux_vs_genre_blues,metric_vs_genre,complexity_flux,genre_blues,False,Данные НЕ подходят для корреляции Пирсона,"{'statistic': 0.9670314133937447, 'p_value': 4.491401996377669e-15, 'is_normal': False}","{'statistic': 0.3242849595135988, 'p_value': 7.027685332567793e-53, 'is_normal': False}",0.02544295415894552
complexity_flux_vs_genre_classical,metric_vs_genre,complexity_flux,genre_classical,False,Данные НЕ подходят для корреляции Пирсона,"{'statistic': 0.9670314133937447, 'p_value': 4.491401996377669e-15, 'is_normal': False}","{'statistic': 0.3185524381744279, 'p_value': 5.092764577538537e-53, 'is_normal': False}",-0.3034609079192221
complexity_flux_vs_genre_country,metric_vs_genre,complexity_flux,genre_country,False,Данные НЕ подходят для корреляции Пирсона,"{'statistic': 0.9670314133937447, 'p_value': 4.491401996377669e-15, 'is_normal': False}","{'statistic': 0.3242849595135988, 'p_value': 7.027685332567793e-53, 'is_normal': False}",-0.018129589137676948
complexity_flux_vs_genre_disco,metric_vs_genre,complexity_flux,genre_disco,False,Данные НЕ подходят для корреляции Пирсона,"{'statistic': 0.9670314133937447, 'p_value': 4.491401996377669e-15, 'is_normal': False}","{'statistic': 0.3242849595135988, 'p_value': 7.027685332567793e-53, 'is_normal': False}",0.22093657641830822
complexity_flux_vs_genre_hip-hop,metric_vs_genre,complexity_flux,genre_hip-hop,False,Данные НЕ подходят для корреляции Пирсона,"{'statistic': 0.9670314133937447, 'p_value': 4.491401996377669e-15, 'is_normal': False}","{'statistic': 0.3242849595135988, 'p_value': 7.027685332567793e-53, 'is_normal': False}",0.05765575340917924
complexity_flux_vs_genre_jazz,metric_vs_genre,complexity_flux,genre_jazz,False,Данные НЕ подходят для корреляции Пирсона,"{'statistic': 0.9670314133937447, 'p_value': 4.491401996377669e-15, 'is_normal': False}","{'statistic': 0.3242849595135988, 'p_value': 7.027685332567793e-53, 'is_normal': False}",-0.1515833573599826
complexity_flux_vs_genre_metal,metric_vs_genre,complexity_flux,genre_metal,False,Данные НЕ подходят для корреляции Пирсона,"{'statistic': 0.9670314133937447, 'p_value': 4.491401996377669e-15, 'is_normal': False}","{'statistic': 0.3242849595135988, 'p_value': 7.027685332567793e-53, 'is_normal': False}",-0.06307882769875396
complexity_flux_vs_genre_pop,metric_vs_genre,complexity_flux,genre_pop,False,Данные НЕ подходят для корреляции Пирсона,"{'statistic': 0.9670314133937447, 'p_value': 4.491401996377669e-15, 'is_normal': False}","{'statistic': 0.3242849595135988, 'p_value': 7.027685332567793e-53, 'is_normal': False}",0.009269350521382386
complexity_flux_vs_genre_reggae,metric_vs_genre,complexity_flux,genre_reggae,False,Данные НЕ подходят для корреляции Пирсона,"{'statistic': 0.9670314133937447, 'p_value': 4.491401996377669e-15, 'is_normal': False}","{'statistic': 0.3242849595135988, 'p_value': 7.027685332567793e-53, 'is_normal': False}",0.25052377334839737
complexity_flux_vs_genre_rock,metric_vs_genre,complexity_flux,genre_rock,False,Данные НЕ подходят для корреляции Пирсона,"{'statistic': 0.9670314133937447, 'p_value': 4.491401996377669e-15, 'is_normal': False}","{'statistic': 0.3242849595135988, 'p_value': 7.027685332567793e-53, 'is_normal': False}",0.060582482997403674
entropy_harmony_vs_genre_acoustic,metric_vs_genre,entropy_harmony,genre_acoustic,False,Данные НЕ подходят для корреляции Пирсона,"{'statistic': 0.9571618797624912, 'p_value': 2.160732609992177e-17, 'is_normal': False}","{'statistic': 0.3242849595135988, 'p_value': 7.027685332567793e-53, 'is_normal': False}",0.111270853726858
entropy_harmony_vs_genre_blues,metric_vs_genre,entropy_harmony,genre_blues,False,Данные НЕ подходят для корреляции Пирсона,"{'statistic': 0.9571618797624912, 'p_value': 2.160732609992177e-17, 'is_normal': False}","{'statistic': 0.3242849595135988, 'p_value': 7.027685332567793e-53, 'is_normal': False}",0.006587447004110374
entropy_harmony_vs_genre_classical,metric_vs_genre,entropy_harmony,genre_classical,False,Данные НЕ подходят для корреляции Пирсона,"{'statistic': 0.9571618797624912, 'p_value': 2.160732609992177e-17, 'is_normal': False}","{'statistic': 0.3185524381744279, 'p_value': 5.092764577538537e-53, 'is_normal': False}",0.2931244486581667
entropy_harmony_vs_genre_country,metric_vs_genre,entropy_harmony,genre_country,False,Данные НЕ подходят для корреляции Пирсона,"{'statistic': 0.9571618797624912, 'p_value': 2.160732609992177e-17, 'is_normal': False}","{'statistic': 0.3242849595135988, 'p_value': 7.027685332567793e-53, 'is_normal': False}",0.09115031249790308
entropy_harmony_vs_genre_disco,metric_vs_genre,entropy_harmony,genre_disco,False,Данные НЕ подходят для корреляции Пирсона,"{'statistic': 0.9571618797624912, 'p_value': 2.160732609992177e-17, 'is_normal': False}","{'statistic': 0.3242849595135988, 'p_value': 7.027685332567793e-53, 'is_normal': False}",-0.06193463732928839
entropy_harmony_vs_genre_hip-hop,metric_vs_genre,entropy_harmony,genre_hip-hop,False,Данные НЕ подходят для корреляции Пирсона,"{'statistic': 0.9571618797624912, 'p_value': 2.160732609992177e-17, 'is_normal': False}","{'statistic': 0.3242849595135988, 'p_value': 7.027685332567793e-53, 'is_normal': False}",-0.1967049819081171
entropy_harmony_vs_genre_jazz,metric_vs_genre,entropy_harmony,genre_jazz,False,Данные НЕ подходят для корреляции Пирсона,"{'statistic': 0.9571618797624912, 'p_value': 2.160732609992177e-17, 'is_normal': False}","{'statistic': 0.3242849595135988, 'p_value': 7.027685332567793e-53, 'is_normal': False}",0.01744689491801141
entropy_harmony_vs_genre_metal,metric_vs_genre,entropy_harmony,genre_metal,False,Данные НЕ подходят для корреляции Пирсона,"{'statistic': 0.9571618797624912, 'p_value': 2.160732609992177e-17, 'is_normal': False}","{'statistic': 0.3242849595135988, 'p_value': 7.027685332567793e-53, 'is_normal': False}",-0.1398197587011412
entropy_harmony_vs_genre_pop,metric_vs_genre,entropy_harmony,genre_pop,False,Данные НЕ подходят для корреляции Пирсона,"{'statistic': 0.9571618797624912, 'p_value': 2.160732609992177e-17, 'is_normal': False}","{'statistic': 0.3242849595135988, 'p_value': 7.027685332567793e-53, 'is_normal': False}",-0.029324062160126015
entropy_harmony_vs_genre_reggae,metric_vs_genre,entropy_harmony,genre_reggae,False,Данные НЕ подходят для корреляции Пирсона,"{'statistic': 0.9571618797624912, 'p_value': 2.160732609992177e-17, 'is_normal': False}","{'statistic': 0.3242849595135988, 'p_value': 7.027685332567793e-53, 'is_normal': False}",-0.07288084168845534
entropy_harmony_vs_genre_rock,metric_vs_genre,entropy_harmony,genre_rock,False,Данные НЕ подходят для корреляции Пирсона,"{'statistic': 0.9571618797624912, 'p_value': 2.160732609992177e-17, 'is_normal': False}","{'statistic': 0.3242849595135988, 'p_value': 7.027685332567793e-53, 'is_normal': False}",-0.014919345602990755
complexity_harmony_vs_genre_acoustic,metric_vs_genre,complexity_harmony,genre_acoustic,False,Данные НЕ подходят для корреляции Пирсона,"{'statistic': 0.9840843961336143, 'p_value': 1.4023360149327263e-09, 'is_normal': False}","{'statistic': 0.3242849595135988, 'p_value': 7.027685332567793e-53, 'is_normal': False}",-0.06733543808144798
complexity_harmony_vs_genre_blues,metric_vs_genre,complexity_harmony,genre_blues,False,Данные НЕ подходят для корреляции Пирсона,"{'statistic': 0.9840843961336143, 'p_value': 1.4023360149327263e-09, 'is_normal': False}","{'statistic': 0.3242849595135988, 'p_value': 7.027685332567793e-53, 'is_normal': False}",0.002980396547551054
complexity_harmony_vs_genre_classical,metric_vs_genre,complexity_harmony,genre_classical,False,Данные НЕ подходят для корреляции Пирсона,"{'statistic': 0.9840843961336143, 'p_value': 1.4023360149327263e-09, 'is_normal': False}","{'statistic': 0.3185524381744279, 'p_value': 5.092764577538537e-53, 'is_normal': False}",-0.29515467520807737
complexity_harmony_vs_genre_country,metric_vs_genre,complexity_harmony,genre_country,False,Данные НЕ подходят для корреляции Пирсона,"{'statistic': 0.9840843961336143, 'p_value': 1.4023360149327263e-09, 'is_normal': False}","{'statistic': 0.3242849595135988, 'p_value': 7.027685332567793e-53, 'is_normal': False}",-0.07669433553932488
complexity_harmony_vs_genre_disco,metric_vs_genre,complexity_harmony,genre_disco,False,Данные НЕ подходят для корреляции Пирсона,"{'statistic': 0.9840843961336143, 'p_value': 1.4023360149327263e-09, 'is_normal': False}","{'statistic': 0.3242849595135988, 'p_value': 7.027685332567793e-53, 'is_normal': False}",0.10404462555469997
complexity_harmony_vs_genre_hip-hop,metric_vs_genre,complexity_harmony,genre_hip-hop,False,Данные НЕ подходят для корреляции Пирсона,"{'statistic': 0.9840843961336143, 'p_value': 1.4023360149327263e-09, 'is_normal': False}","{'statistic': 0.3242849595135988, 'p_value': 7.027685332567793e-53, 'is_normal': False}",0.06935158454416525
complexity_harmony_vs_genre_jazz,metric_vs_genre,complexity_harmony,genre_jazz,False,Данные НЕ подходят для корреляции Пирсона,"{'statistic': 0.9840843961336143, 'p_value': 1.4023360149327263e-09, 'is_normal': False}","{'statistic': 0.3242849595135988, 'p_value': 7.027685332567793e-53, 'is_normal': False}",0.0014805744537107624
complexity_harmony_vs_genre_metal,metric_vs_genre,complexity_harmony,genre_metal,False,Данные НЕ подходят для корреляции Пирсона,"{'statistic': 0.9840843961336143, 'p_value': 1.4023360149327263e-09, 'is_normal': False}","{'statistic': 0.3242849595135988, 'p_value': 7.027685332567793e-53, 'is_normal': False}",0.14050723542634022
complexity_harmony_vs_genre_pop,metric_vs_genre,complexity_harmony,genre_pop,False,Данные НЕ подходят для корреляции Пирсона,"{'statistic': 0.9840843961336143, 'p_value': 1.4023360149327263e-09, 'is_normal': False}","{'statistic': 0.3242849595135988, 'p_value': 7.027685332567793e-53, 'is_normal': False}",0.009111509110009752
complexity_harmony_vs_genre_reggae,metric_vs_genre,complexity_harmony,genre_reggae,False,Данные НЕ подходят для корреляции Пирсона,"{'statistic': 0.9840843961336143, 'p_value': 1.4023360149327263e-09, 'is_normal': False}","{'statistic': 0.3242849595135988, 'p_value': 7.027685332567793e-53, 'is_normal': False}",0.07938868860251667
complexity_harmony_vs_genre_rock,metric_vs_genre,complexity_harmony,genre_rock,False,Данные НЕ подходят для корреляции Пирсона,"{'statistic': 0.9840843961336143, 'p_value': 1.4023360149327263e-09, 'is_normal': False}","{'statistic': 0.3242849595135988, 'p_value': 7.027685332567793e-53, 'is_normal': False}",0.02829582596182194
entropy_spectral_vs_genre_acoustic,metric_vs_genre,entropy_spectral,genre_acoustic,False,Данные НЕ подходят для корреляции Пирсона,"{'statistic': 0.8537998230666216, 'p_value': 1.1074860626861002e-30, 'is_normal': False}","{'statistic': 0.3242849595135988, 'p_value': 7.027685332567793e-53, 'is_normal': False}",0.039555658820395224
entropy_spectral_vs_genre_blues,metric_vs_genre,entropy_spectral,genre_blues,False,Данные НЕ подходят для корреляции Пирсона,"{'statistic': 0.8537998230666216, 'p_value': 1.1074860626861002e-30, 'is_normal': False}","{'statistic': 0.3242849595135988, 'p_value': 7.027685332567793e-53, 'is_normal': False}",-0.014564179549041255
entropy_spectral_vs_genre_classical,metric_vs_genre,entropy_spectral,genre_classical,False,Данные НЕ подходят для корреляции Пирсона,"{'statistic': 0.8537998230666216, 'p_value': 1.1074860626861002e-30, 'is_normal': False}","{'statistic': 0.3185524381744279, 'p_value': 5.092764577538537e-53, 'is_normal': False}",-0.6423419561735334
entropy_spectral_vs_genre_country,metric_vs_genre,entropy_spectral,genre_country,False,Данные НЕ подходят для корреляции Пирсона,"{'statistic': 0.8537998230666216, 'p_value': 1.1074860626861002e-30, 'is_normal': False}","{'statistic': 0.3242849595135988, 'p_value': 7.027685332567793e-53, 'is_normal': False}",0.0207275063259346
entropy_spectral_vs_genre_disco,metric_vs_genre,entropy_spectral,genre_disco,False,Данные НЕ подходят для корреляции Пирсона,"{'statistic': 0.8537998230666216, 'p_value': 1.1074860626861002e-30, 'is_normal': False}","{'statistic': 0.3242849595135988, 'p_value': 7.027685332567793e-53, 'is_normal': False}",0.15181865450849213
entropy_spectral_vs_genre_hip-hop,metric_vs_genre,entropy_spectral,genre_hip-hop,False,Данные НЕ подходят для корреляции Пирсона,"{'statistic': 0.8537998230666216, 'p_value': 1.1074860626861002e-30, 'is_normal': False}","{'statistic': 0.3242849595135988, 'p_value': 7.027685332567793e-53, 'is_normal': False}",0.14655212008836488
entropy_spectral_vs_genre_jazz,metric_vs_genre,entropy_spectral,genre_jazz,False,Данные НЕ подходят для корреляции Пирсона,"{'statistic': 0.8537998230666216, 'p_value': 1.1074860626861002e-30, 'is_normal': False}","{'statistic': 0.3242849595135988, 'p_value': 7.027685332567793e-53, 'is_normal': False}",-0.15446496277881064
entropy_spectral_vs_genre_metal,metric_vs_genre,entropy_spectral,genre_metal,False,Данные НЕ подходят для корреляции Пирсона,"{'statistic': 0.8537998230666216, 'p_value': 1.1074860626861002e-30, 'is_normal': False}","{'statistic': 0.3242849595135988, 'p_value': 7.027685332567793e-53, 'is_normal': False}",0.07283770625332849
entropy_spectral_vs_genre_pop,metric_vs_genre,entropy_spectral,genre_pop,False,Данные НЕ подходят для корреляции Пирсона,"{'statistic': 0.8537998230666216, 'p_value': 1.1074860626861002e-30, 'is_normal': False}","{'statistic': 0.3242849595135988, 'p_value': 7.027685332567793e-53, 'is_normal': False}",0.1187604377838903
entropy_spectral_vs_genre_reggae,metric_vs_genre,entropy_spectral,genre_reggae,False,Данные НЕ подходят для корреляции Пирсона,"{'statistic': 0.8537998230666216, 'p_value': 1.1074860626861002e-30, 'is_normal': False}","{'statistic': 0.3242849595135988, 'p_value': 7.027685332567793e-53, 'is_normal': False}",0.16231037369184198
entropy_spectral_vs_genre_rock,metric_vs_genre,entropy_spectral,genre_rock,False,Данные НЕ подходят для корреляции Пирсона,"{'statistic': 0.8537998230666216, 'p_value': 1.1074860626861002e-30, 'is_normal': False}","{'statistic': 0.3242849595135988, 'p_value': 7.027685332567793e-53, 'is_normal': False}",0.09005123418146142
complexity_spectral_vs_genre_acoustic,metric_vs_genre,complexity_spectral,genre_acoustic,False,Данные НЕ подходят для корреляции Пирсона,"{'statistic': 0.7663089762360052, 'p_value': 8.082981115840243e-37, 'is_normal': False}","{'statistic': 0.3242849595135988, 'p_value': 7.027685332567793e-53, 'is_normal': False}",-0.012744790260196901
complexity_spectral_vs_genre_blues,metric_vs_genre,complexity_spectral,genre_blues,False,Данные НЕ подходят для корреляции Пирсона,"{'statistic': 0.7663089762360052, 'p_value': 8.082981115840243e-37, 'is_normal': False}","{'statistic': 0.3242849595135988, 'p_value': 7.027685332567793e-53, 'is_normal': False}",0.07754937235349868
complexity_spectral_vs_genre_classical,metric_vs_genre,complexity_spectral,genre_classical,False,Данные НЕ подходят для корреляции Пирсона,"{'statistic': 0.7663089762360052, 'p_value': 8.082981115840243e-37, 'is_normal': False}","{'statistic': 0.3185524381744279, 'p_value': 5.092764577538537e-53, 'is_normal': False}",-0.4786147698942843
complexity_spectral_vs_genre_country,metric_vs_genre,complexity_spectral,genre_country,False,Данные НЕ подходят для корреляции Пирсона,"{'statistic': 0.7663089762360052, 'p_value': 8.082981115840243e-37, 'is_normal': False}","{'statistic': 0.3242849595135988, 'p_value': 7.027685332567793e-53, 'is_normal': False}",0.10592347821043228
complexity_spectral_vs_genre_disco,metric_vs_genre,complexity_spectral,genre_disco,False,Данные НЕ подходят для корреляции Пирсона,"{'statistic': 0.7663089762360052, 'p_value': 8.082981115840243e-37, 'is_normal': False}","{'statistic': 0.3242849595135988, 'p_value': 7.027685332567793e-53, 'is_normal': False}",-0.05793143916695847
complexity_spectral_vs_genre_hip-hop,metric_vs_genre,complexity_spectral,genre_hip-hop,False,Данные НЕ подходят для корреляции Пирсона,"{'statistic': 0.7663089762360052, 'p_value': 8.082981115840243e-37, 'is_normal': False}","{'statistic': 0.3242849595135988, 'p_value': 7.027685332567793e-53, 'is_normal': False}",0.04391531449229043
complexity_spectral_vs_genre_jazz,metric_vs_genre,complexity_spectral,genre_jazz,False,Данные НЕ подходят для корреляции Пирсона,"{'statistic': 0.7663089762360052, 'p_value': 8.082981115840243e-37, 'is_normal': False}","{'statistic': 0.3242849595135988, 'p_value': 7.027685332567793e-53, 'is_normal': False}",0.05778611084756559
complexity_spectral_vs_genre_metal,metric_vs_genre,complexity_spectral,genre_metal,False,Данные НЕ подходят для корреляции Пирсона,"{'statistic': 0.7663089762360052, 'p_value': 8.082981115840243e-37, 'is_normal': False}","{'statistic': 0.3242849595135988, 'p_value': 7.027685332567793e-53, 'is_normal': False}",0.15046278855591894
complexity_spectral_vs_genre_pop,metric_vs_genre,complexity_spectral,genre_pop,False,Данные НЕ подходят для корреляции Пирсона,"{'statistic': 0.7663089762360052, 'p_value': 8.082981115840243e-37, 'is_normal': False}","{'statistic': 0.3242849595135988, 'p_value': 7.027685332567793e-53, 'is_normal': False}",0.019817462261240246
complexity_spectral_vs_genre_reggae,metric_vs_genre,complexity_spectral,genre_reggae,False,Данные НЕ подходят для корреляции Пирсона,"{'statistic': 0.7663089762360052, 'p_value': 8.082981115840243e-37, 'is_normal': False}","{'statistic': 0.3242849595135988, 'p_value': 7.027685332567793e-53, 'is_normal': False}",0.024122698059922763
complexity_spectral_vs_genre_rock,metric_vs_genre,complexity_spectral,genre_rock,False,Данные НЕ подходят для корреляции Пирсона,"{'statistic': 0.7663089762360052, 'p_value': 8.082981115840243e-37, 'is_normal': False}","{'statistic': 0.3242849595135988, 'p_value': 7.027685332567793e-53, 'is_normal': False}",0.06318855191890112
higuchi_fd_vs_genre_acoustic,metric_vs_genre,higuchi_fd,genre_acoustic,False,Данные НЕ подходят для корреляции Пирсона,"{'statistic': 0.9656370628022828, 'p_value': 1.9853157042977833e-15, 'is_normal': False}","{'statistic': 0.3242849595135988, 'p_value': 7.027685332567793e-53, 'is_normal': False}",-0.04155775505200274
higuchi_fd_vs_genre_blues,metric_vs_genre,higuchi_fd,genre_blues,False,Данные НЕ подходят для корреляции Пирсона,"{'statistic': 0.9656370628022828, 'p_value': 1.9853157042977833e-15, 'is_normal': False}","{'statistic': 0.3242849595135988, 'p_value': 7.027685332567793e-53, 'is_normal': False}",0.02025792875490809
higuchi_fd_vs_genre_classical,metric_vs_genre,higuchi_fd,genre_classical,False,Данные НЕ подходят для корреляции Пирсона,"{'statistic': 0.9656370628022828, 'p_value': 1.9853157042977833e-15, 'is_normal': False}","{'statistic': 0.3185524381744279, 'p_value': 5.092764577538537e-53, 'is_normal': False}",0.19732204976018403
higuchi_fd_vs_genre_country,metric_vs_genre,higuchi_fd,genre_country,False,Данные НЕ подходят для корреляции Пирсона,"{'statistic': 0.9656370628022828, 'p_value': 1.9853157042977833e-15, 'is_normal': False}","{'statistic': 0.3242849595135988, 'p_value': 7.027685332567793e-53, 'is_normal': False}",0.04033805492737253
higuchi_fd_vs_genre_disco,metric_vs_genre,higuchi_fd,genre_disco,False,Данные НЕ подходят для корреляции Пирсона,"{'statistic': 0.9656370628022828, 'p_value': 1.9853157042977833e-15, 'is_normal': False}","{'statistic': 0.3242849595135988, 'p_value': 7.027685332567793e-53, 'is_normal': False}",0.05670075300373035
higuchi_fd_vs_genre_hip-hop,metric_vs_genre,higuchi_fd,genre_hip-hop,False,Данные НЕ подходят для корреляции Пирсона,"{'statistic': 0.9656370628022828, 'p_value': 1.9853157042977833e-15, 'is_normal': False}","{'statistic': 0.3242849595135988, 'p_value': 7.027685332567793e-53, 'is_normal': False}",-0.15994560545474648
higuchi_fd_vs_genre_jazz,metric_vs_genre,higuchi_fd,genre_jazz,False,Данные НЕ подходят для корреляции Пирсона,"{'statistic': 0.9656370628022828, 'p_value': 1.9853157042977833e-15, 'is_normal': False}","{'statistic': 0.3242849595135988, 'p_value': 7.027685332567793e-53, 'is_normal': False}",-0.024559818666194982
higuchi_fd_vs_genre_metal,metric_vs_genre,higuchi_fd,genre_metal,False,Данные НЕ подходят для корреляции Пирсона,"{'statistic': 0.9656370628022828, 'p_value': 1.9853157042977833e-15, 'is_normal': False}","{'statistic': 0.3242849595135988, 'p_value': 7.027685332567793e-53, 'is_normal': False}",0.12029442964414447
higuchi_fd_vs_genre_pop,metric_vs_genre,higuchi_fd,genre_pop,False,Данные НЕ подходят для корреляции Пирсона,"{'statistic': 0.9656370628022828, 'p_value': 1.9853157042977833e-15, 'is_normal': False}","{'statistic': 0.3242849595135988, 'p_value': 7.027685332567793e-53, 'is_normal': False}",-0.11083271005622441
higuchi_fd_vs_genre_reggae,metric_vs_genre,higuchi_fd,genre_reggae,False,Данные НЕ подходят для корреляции Пирсона,"{'statistic': 0.9656370628022828, 'p_value': 1.9853157042977833e-15, 'is_normal': False}","{'statistic': 0.3242849595135988, 'p_value': 7.027685332567793e-53, 'is_normal': False}",-0.12222152268284796
higuchi_fd_vs_genre_rock,metric_vs_genre,higuchi_fd,genre_rock,False,Данные НЕ подходят для корреляции Пирсона,"{'statistic': 0.9656370628022828, 'p_value': 1.9853157042977833e-15, 'is_normal': False}","{'statistic': 0.3242849595135988, 'p_value': 7.027685332567793e-53, 'is_normal': False}",0.026894397595295428
box_counting_fd_vs_genre_acoustic,metric_vs_genre,box_counting_fd,genre_acoustic,False,Данные НЕ подходят для корреляции Пирсона,"{'statistic': 0.8557200974988819, 'p_value': 1.6174661160977374e-30, 'is_normal': False}","{'statistic': 0.3242849595135988, 'p_value': 7.027685332567793e-53, 'is_normal': False}",-0.0069275270140596
box_counting_fd_vs_genre_blues,metric_vs_genre,box_counting_fd,genre_blues,False,Данные НЕ подходят для корреляции Пирсона,"{'statistic': 0.8557200974988819, 'p_value': 1.6174661160977374e-30, 'is_normal': False}","{'statistic': 0.3242849595135988, 'p_value': 7.027685332567793e-53, 'is_normal': False}",-0.058727686551495614
box_counting_fd_vs_genre_classical,metric_vs_genre,box_counting_fd,genre_classical,False,Данные НЕ подходят для корреляции Пирсона,"{'statistic': 0.8557200974988819, 'p_value': 1.6174661160977374e-30, 'is_normal': False}","{'statistic': 0.3185524381744279, 'p_value': 5.092764577538537e-53, 'is_normal': False}",-0.13202529509810246
box_counting_fd_vs_genre_country,metric_vs_genre,box_counting_fd,genre_country,False,Данные НЕ подходят для корреляции Пирсона,"{'statistic': 0.8557200974988819, 'p_value': 1.6174661160977374e-30, 'is_normal': False}","{'statistic': 0.3242849595135988, 'p_value': 7.027685332567793e-53, 'is_normal': False}",-0.04307892125918153
box_counting_fd_vs_genre_disco,metric_vs_genre,box_counting_fd,genre_disco,False,Данные НЕ подходят для корреляции Пирсона,"{'statistic': 0.8557200974988819, 'p_value': 1.6174661160977374e-30, 'is_normal': False}","{'statistic': 0.3242849595135988, 'p_value': 7.027685332567793e-53, 'is_normal': False}",0.017301347854968705
box_counting_fd_vs_genre_hip-hop,metric_vs_genre,box_counting_fd,genre_hip-hop,False,Данные НЕ подходят для корреляции Пирсона,"{'statistic': 0.8557200974988819, 'p_value': 1.6174661160977374e-30, 'is_normal': False}","{'statistic': 0.3242849595135988, 'p_value': 7.027685332567793e-53, 'is_normal': False}",0.09028539089771297
box_counting_fd_vs_genre_jazz,metric_vs_genre,box_counting_fd,genre_jazz,False,Данные НЕ подходят для корреляции Пирсона,"{'statistic': 0.8557200974988819, 'p_value': 1.6174661160977374e-30, 'is_normal': False}","{'statistic': 0.3242849595135988, 'p_value': 7.027685332567793e-53, 'is_normal': False}",-0.07991073253220358
box_counting_fd_vs_genre_metal,metric_vs_genre,box_counting_fd,genre_metal,False,Данные НЕ подходят для корреляции Пирсона,"{'statistic': 0.8557200974988819, 'p_value': 1.6174661160977374e-30, 'is_normal': False}","{'statistic': 0.3242849595135988, 'p_value': 7.027685332567793e-53, 'is_normal': False}",0.1020093317093982
box_counting_fd_vs_genre_pop,metric_vs_genre,box_counting_fd,genre_pop,False,Данные НЕ подходят для корреляции Пирсона,"{'statistic': 0.8557200974988819, 'p_value': 1.6174661160977374e-30, 'is_normal': False}","{'statistic': 0.3242849595135988, 'p_value': 7.027685332567793e-53, 'is_normal': False}",0.0786031208173949
box_counting_fd_vs_genre_reggae,metric_vs_genre,box_counting_fd,genre_reggae,False,Данные НЕ подходят для корреляции Пирсона,"{'statistic': 0.8557200974988819, 'p_value': 1.6174661160977374e-30, 'is_normal': False}","{'statistic': 0.3242849595135988, 'p_value': 7.027685332567793e-53, 'is_normal': False}",0.03860234785474009
box_counting_fd_vs_genre_rock,metric_vs_genre,box_counting_fd,genre_rock,False,Данные НЕ подходят для корреляции Пирсона,"{'statistic': 0.8557200974988819, 'p_value': 1.6174661160977374e-30, 'is_normal': False}","{'statistic': 0.3242849595135988, 'p_value': 7.027685332567793e-53, 'is_normal': False}",-0.007931351306777266
entropy_amplitude_vs_popularity,metric_vs_numerical,entropy_amplitude,popularity,False,Данные НЕ подходят для корреляции Пирсона,"{'statistic': 0.9536118702203846, 'p_value': 3.926089392344299e-18, 'is_normal': False}","{'statistic': 0.84096689808979, 'p_value': 9.697278839544763e-32, 'is_normal': False}",0.13120124496212052
entropy_amplitude_vs_duration_ms,metric_vs_numerical,entropy_amplitude,duration_ms,False,Данные НЕ подходят для корреляции Пирсона,"{'statistic': 0.9536118702203846, 'p_value': 3.926089392344299e-18, 'is_normal': False}","{'statistic': 0.9168982042018574, 'p_value': 4.548456566573656e-24, 'is_normal': False}",0.20841978319069868
entropy_amplitude_vs_danceability,metric_vs_numerical,entropy_amplitude,danceability,False,Данные НЕ подходят для корреляции Пирсона,"{'statistic': 0.9536118702203846, 'p_value': 3.926089392344299e-18, 'is_normal': False}","{'statistic': 0.9874275826466967, 'p_value': 4.242031005456319e-08, 'is_normal': False}",-0.25089443081246937
entropy_amplitude_vs_energy,metric_vs_numerical,entropy_amplitude,energy,False,Данные НЕ подходят для корреляции Пирсона,"{'statistic': 0.9536118702203846, 'p_value': 3.926089392344299e-18, 'is_normal': False}","{'statistic': 0.9580207653631075, 'p_value': 3.313855598675532e-17, 'is_normal': False}",0.41895298389502966
entropy_amplitude_vs_key,metric_vs_numerical,entropy_amplitude,key,False,Данные НЕ подходят для корреляции Пирсона,"{'statistic': 0.9536118702203846, 'p_value': 3.926089392344299e-18, 'is_normal': False}","{'statistic': 0.9317291650109623, 'p_value': 5.757593365786803e-22, 'is_normal': False}",-0.00674857861203127
entropy_amplitude_vs_loudness,metric_vs_numerical,entropy_amplitude,loudness,False,Данные НЕ подходят для корреляции Пирсона,"{'statistic': 0.9536118702203846, 'p_value': 3.926089392344299e-18, 'is_normal': False}","{'statistic': 0.8167679847838487, 'p_value': 1.4569444134067488e-33, 'is_normal': False}",0.36673983021177226
entropy_amplitude_vs_mode,metric_vs_numerical,entropy_amplitude,mode,False,Данные НЕ подходят для корреляции Пирсона,"{'statistic': 0.9536118702203846, 'p_value': 3.926089392344299e-18, 'is_normal': False}","{'statistic': 0.6066940365614342, 'p_value': 2.5648984383431904e-44, 'is_normal': False}",-0.043787905463351144
entropy_amplitude_vs_speechiness,metric_vs_numerical,entropy_amplitude,speechiness,False,Данные НЕ подходят для корреляции Пирсона,"{'statistic': 0.9536118702203846, 'p_value': 3.926089392344299e-18, 'is_normal': False}","{'statistic': 0.617766898913064, 'p_value': 6.904896338964857e-44, 'is_normal': False}",-0.02386910561818224
entropy_amplitude_vs_acousticness,metric_vs_numerical,entropy_amplitude,acousticness,False,Данные НЕ подходят для корреляции Пирсона,"{'statistic': 0.9536118702203846, 'p_value': 3.926089392344299e-18, 'is_normal': False}","{'statistic': 0.8567434995670484, 'p_value': 1.982471133369035e-30, 'is_normal': False}",-0.31854546719075866
entropy_amplitude_vs_instrumentalness,metric_vs_numerical,entropy_amplitude,instrumentalness,False,Данные НЕ подходят для корреляции Пирсона,"{'statistic': 0.9536118702203846, 'p_value': 3.926089392344299e-18, 'is_normal': False}","{'statistic': 0.40073803510168393, 'p_value': 6.517196625659062e-51, 'is_normal': False}",-0.19501726995780017
entropy_amplitude_vs_liveness,metric_vs_numerical,entropy_amplitude,liveness,False,Данные НЕ подходят для корреляции Пирсона,"{'statistic': 0.9536118702203846, 'p_value': 3.926089392344299e-18, 'is_normal': False}","{'statistic': 0.7326608720240646, 'p_value': 1.0946497645708549e-38, 'is_normal': False}",0.13647121182877375
entropy_amplitude_vs_valence,metric_vs_numerical,entropy_amplitude,valence,False,Данные НЕ подходят для корреляции Пирсона,"{'statistic': 0.9536118702203846, 'p_value': 3.926089392344299e-18, 'is_normal': False}","{'statistic': 0.9755762294380704, 'p_value': 1.2159285071517048e-12, 'is_normal': False}",-0.10268918031873103
entropy_amplitude_vs_tempo,metric_vs_numerical,entropy_amplitude,tempo,False,Данные НЕ подходят для корреляции Пирсона,"{'statistic': 0.9536118702203846, 'p_value': 3.926089392344299e-18, 'is_normal': False}","{'statistic': 0.974913635139822, 'p_value': 7.542399851996708e-13, 'is_normal': False}",0.06652215550691086
entropy_amplitude_vs_time_signature,metric_vs_numerical,entropy_amplitude,time_signature,False,Данные НЕ подходят для корреляции Пирсона,"{'statistic': 0.9536118702203846, 'p_value': 3.926089392344299e-18, 'is_normal': False}","{'statistic': 0.36515792762021193, 'p_value': 7.47983501710547e-52, 'is_normal': False}",0.07463272820929451
complexity_amplitude_vs_popularity,metric_vs_numerical,complexity_amplitude,popularity,False,Данные НЕ подходят для корреляции Пирсона,"{'statistic': 0.9978316070440114, 'p_value': 0.16162423696562492, 'is_normal': True}","{'statistic': 0.84096689808979, 'p_value': 9.697278839544763e-32, 'is_normal': False}",-0.13808504297367935
complexity_amplitude_vs_duration_ms,metric_vs_numerical,complexity_amplitude,duration_ms,False,Данные НЕ подходят для корреляции Пирсона,"{'statistic': 0.9978316070440114, 'p_value': 0.16162423696562492, 'is_normal': True}","{'statistic': 0.9168982042018574, 'p_value': 4.548456566573656e-24, 'is_normal': False}",-0.24289584580573026
complexity_amplitude_vs_danceability,metric_vs_numerical,complexity_amplitude,danceability,False,Данные НЕ подходят для корреляции Пирсона,"{'statistic': 0.9978316070440114, 'p_value': 0.16162423696562492, 'is_normal': True}","{'statistic': 0.9874275826466967, 'p_value': 4.242031005456319e-08, 'is_normal': False}",0.3702632810811249
complexity_amplitude_vs_energy,metric_vs_numerical,complexity_amplitude,energy,False,Данные НЕ подходят для корреляции Пирсона,"{'statistic': 0.9978316070440114, 'p_value': 0.16162423696562492, 'is_normal': True}","{'statistic': 0.9580207653631075, 'p_value': 3.313855598675532e-17, 'is_normal': False}",-0.3233494629927797
complexity_amplitude_vs_key,metric_vs_numerical,complexity_amplitude,key,False,Данные НЕ подходят для корреляции Пирсона,"{'statistic': 0.9978316070440114, 'p_value': 0.16162423696562492, 'is_normal': True}","{'statistic': 0.9317291650109623, 'p_value': 5.757593365786803e-22, 'is_normal': False}",0.012831744477911014
complexity_amplitude_vs_loudness,metric_vs_numerical,complexity_amplitude,loudness,False,Данные НЕ подходят для корреляции Пирсона,"{'statistic': 0.9978316070440114, 'p_value': 0.16162423696562492, 'is_normal': True}","{'statistic': 0.8167679847838487, 'p_value': 1.4569444134067488e-33, 'is_normal': False}",-0.2858183949206637
complexity_amplitude_vs_mode,metric_vs_numerical,complexity_amplitude,mode,False,Данные НЕ подходят для корреляции Пирсона,"{'statistic': 0.9978316070440114, 'p_value': 0.16162423696562492, 'is_normal': True}","{'statistic': 0.6066940365614342, 'p_value': 2.5648984383431904e-44, 'is_normal': False}",0.017987578268314375
complexity_amplitude_vs_speechiness,metric_vs_numerical,complexity_amplitude,speechiness,False,Данные НЕ подходят для корреляции Пирсона,"{'statistic': 0.9978316070440114, 'p_value': 0.16162423696562492, 'is_normal': True}","{'statistic': 0.617766898913064, 'p_value': 6.904896338964857e-44, 'is_normal': False}",0.03891002917297384
complexity_amplitude_vs_acousticness,metric_vs_numerical,complexity_amplitude,acousticness,False,Данные НЕ подходят для корреляции Пирсона,"{'statistic': 0.9978316070440114, 'p_value': 0.16162423696562492, 'is_normal': True}","{'statistic': 0.8567434995670484, 'p_value': 1.982471133369035e-30, 'is_normal': False}",0.2569529923078032
complexity_amplitude_vs_instrumentalness,metric_vs_numerical,complexity_amplitude,instrumentalness,False,Данные НЕ подходят для корреляции Пирсона,"{'statistic': 0.9978316070440114, 'p_value': 0.16162423696562492, 'is_normal': True}","{'statistic': 0.40073803510168393, 'p_value': 6.517196625659062e-51, 'is_normal': False}",0.12264565371726113
complexity_amplitude_vs_liveness,metric_vs_numerical,complexity_amplitude,liveness,False,Данные НЕ подходят для корреляции Пирсона,"{'statistic': 0.9978316070440114, 'p_value': 0.16162423696562492, 'is_normal': True}","{'statistic': 0.7326608720240646, 'p_value': 1.0946497645708549e-38, 'is_normal': False}",-0.12504010441660618
complexity_amplitude_vs_valence,metric_vs_numerical,complexity_amplitude,valence,False,Данные НЕ подходят для корреляции Пирсона,"{'statistic': 0.9978316070440114, 'p_value': 0.16162423696562492, 'is_normal': True}","{'statistic': 0.9755762294380704, 'p_value': 1.2159285071517048e-12, 'is_normal': False}",0.2520787174940528
complexity_amplitude_vs_tempo,metric_vs_numerical,complexity_amplitude,tempo,False,Данные НЕ подходят для корреляции Пирсона,"{'statistic': 0.9978316070440114, 'p_value': 0.16162423696562492, 'is_normal': True}","{'statistic': 0.974913635139822, 'p_value': 7.542399851996708e-13, 'is_normal': False}",-0.06160099746544122
complexity_amplitude_vs_time_signature,metric_vs_numerical,complexity_amplitude,time_signature,False,Данные НЕ подходят для корреляции Пирсона,"{'statistic': 0.9978316070440114, 'p_value': 0.16162423696562492, 'is_normal': True}","{'statistic': 0.36515792762021193, 'p_value': 7.47983501710547e-52, 'is_normal': False}",-0.03517399916109382
entropy_flux_vs_popularity,metric_vs_numerical,entropy_flux,popularity,False,Данные НЕ подходят для корреляции Пирсона,"{'statistic': 0.9939299930360626, 'p_value': 0.00019515759668635845, 'is_normal': False}","{'statistic': 0.84096689808979, 'p_value': 9.697278839544763e-32, 'is_normal': False}",0.06235880792788937
entropy_flux_vs_duration_ms,metric_vs_numerical,entropy_flux,duration_ms,False,Данные НЕ подходят для корреляции Пирсона,"{'statistic': 0.9939299930360626, 'p_value': 0.00019515759668635845, 'is_normal': False}","{'statistic': 0.9168982042018574, 'p_value': 4.548456566573656e-24, 'is_normal': False}",0.12413690496876996
entropy_flux_vs_danceability,metric_vs_numerical,entropy_flux,danceability,False,Данные НЕ подходят для корреляции Пирсона,"{'statistic': 0.9939299930360626, 'p_value': 0.00019515759668635845, 'is_normal': False}","{'statistic': 0.9874275826466967, 'p_value': 4.242031005456319e-08, 'is_normal': False}",-0.5200839720880981
entropy_flux_vs_energy,metric_vs_numerical,entropy_flux,energy,False,Данные НЕ подходят для корреляции Пирсона,"{'statistic': 0.9939299930360626, 'p_value': 0.00019515759668635845, 'is_normal': False}","{'statistic': 0.9580207653631075, 'p_value': 3.313855598675532e-17, 'is_normal': False}",-0.3044562354109618
entropy_flux_vs_key,metric_vs_numerical,entropy_flux,key,False,Данные НЕ подходят для корреляции Пирсона,"{'statistic': 0.9939299930360626, 'p_value': 0.00019515759668635845, 'is_normal': False}","{'statistic': 0.9317291650109623, 'p_value': 5.757593365786803e-22, 'is_normal': False}",-0.07414268695568423
entropy_flux_vs_loudness,metric_vs_numerical,entropy_flux,loudness,False,Данные НЕ подходят для корреляции Пирсона,"{'statistic': 0.9939299930360626, 'p_value': 0.00019515759668635845, 'is_normal': False}","{'statistic': 0.8167679847838487, 'p_value': 1.4569444134067488e-33, 'is_normal': False}",-0.25792887024661126
entropy_flux_vs_mode,metric_vs_numerical,entropy_flux,mode,False,Данные НЕ подходят для корреляции Пирсона,"{'statistic': 0.9939299930360626, 'p_value': 0.00019515759668635845, 'is_normal': False}","{'statistic': 0.6066940365614342, 'p_value': 2.5648984383431904e-44, 'is_normal': False}",0.013614638015391383
entropy_flux_vs_speechiness,metric_vs_numerical,entropy_flux,speechiness,False,Данные НЕ подходят для корреляции Пирсона,"{'statistic': 0.9939299930360626, 'p_value': 0.00019515759668635845, 'is_normal': False}","{'statistic': 0.617766898913064, 'p_value': 6.904896338964857e-44, 'is_normal': False}",-0.08761399206800193
entropy_flux_vs_acousticness,metric_vs_numerical,entropy_flux,acousticness,False,Данные НЕ подходят для корреляции Пирсона,"{'statistic': 0.9939299930360626, 'p_value': 0.00019515759668635845, 'is_normal': False}","{'statistic': 0.8567434995670484, 'p_value': 1.982471133369035e-30, 'is_normal': False}",0.3160545360849351
entropy_flux_vs_instrumentalness,metric_vs_numerical,entropy_flux,instrumentalness,False,Данные НЕ подходят для корреляции Пирсона,"{'statistic': 0.9939299930360626, 'p_value': 0.00019515759668635845, 'is_normal': False}","{'statistic': 0.40073803510168393, 'p_value': 6.517196625659062e-51, 'is_normal': False}",0.25789940347768336
entropy_flux_vs_liveness,metric_vs_numerical,entropy_flux,liveness,False,Данные НЕ подходят для корреляции Пирсона,"{'statistic': 0.9939299930360626, 'p_value': 0.00019515759668635845, 'is_normal': False}","{'statistic': 0.7326608720240646, 'p_value': 1.0946497645708549e-38, 'is_normal': False}",-0.02340992159297485
entropy_flux_vs_valence,metric_vs_numerical,entropy_flux,valence,False,Данные НЕ подходят для корреляции Пирсона,"{'statistic': 0.9939299930360626, 'p_value': 0.00019515759668635845, 'is_normal': False}","{'statistic': 0.9755762294380704, 'p_value': 1.2159285071517048e-12, 'is_normal': False}",-0.5699457795052894
entropy_flux_vs_tempo,metric_vs_numerical,entropy_flux,tempo,False,Данные НЕ подходят для корреляции Пирсона,"{'statistic': 0.9939299930360626, 'p_value': 0.00019515759668635845, 'is_normal': False}","{'statistic': 0.974913635139822, 'p_value': 7.542399851996708e-13, 'is_normal': False}",-0.1024375894662076
entropy_flux_vs_time_signature,metric_vs_numerical,entropy_flux,time_signature,False,Данные НЕ подходят для корреляции Пирсона,"{'statistic': 0.9939299930360626, 'p_value': 0.00019515759668635845, 'is_normal': False}","{'statistic': 0.36515792762021193, 'p_value': 7.47983501710547e-52, 'is_normal': False}",-0.1034583762849593
complexity_flux_vs_popularity,metric_vs_numerical,complexity_flux,popularity,False,Данные НЕ подходят для корреляции Пирсона,"{'statistic': 0.9670314133937447, 'p_value': 4.491401996377669e-15, 'is_normal': False}","{'statistic': 0.84096689808979, 'p_value': 9.697278839544763e-32, 'is_normal': False}",-0.01908682700386709
complexity_flux_vs_duration_ms,metric_vs_numerical,complexity_flux,duration_ms,False,Данные НЕ подходят для корреляции Пирсона,"{'statistic': 0.9670314133937447, 'p_value': 4.491401996377669e-15, 'is_normal': False}","{'statistic': 0.9168982042018574, 'p_value': 4.548456566573656e-24, 'is_normal': False}",-0.14272133563142028
complexity_flux_vs_danceability,metric_vs_numerical,complexity_flux,danceability,False,Данные НЕ подходят для корреляции Пирсона,"{'statistic': 0.9670314133937447, 'p_value': 4.491401996377669e-15, 'is_normal': False}","{'statistic': 0.9874275826466967, 'p_value': 4.242031005456319e-08, 'is_normal': False}",0.5066916307272384
complexity_flux_vs_energy,metric_vs_numerical,complexity_flux,energy,False,Данные НЕ подходят для корреляции Пирсона,"{'statistic': 0.9670314133937447, 'p_value': 4.491401996377669e-15, 'is_normal': False}","{'statistic': 0.9580207653631075, 'p_value': 3.313855598675532e-17, 'is_normal': False}",0.4935999379398638
complexity_flux_vs_key,metric_vs_numerical,complexity_flux,key,False,Данные НЕ подходят для корреляции Пирсона,"{'statistic': 0.9670314133937447, 'p_value': 4.491401996377669e-15, 'is_normal': False}","{'statistic': 0.9317291650109623, 'p_value': 5.757593365786803e-22, 'is_normal': False}",0.08591601444949916
complexity_flux_vs_loudness,metric_vs_numerical,complexity_flux,loudness,False,Данные НЕ подходят для корреляции Пирсона,"{'statistic': 0.9670314133937447, 'p_value': 4.491401996377669e-15, 'is_normal': False}","{'statistic': 0.8167679847838487, 'p_value': 1.4569444134067488e-33, 'is_normal': False}",0.3711645130004459
complexity_flux_vs_mode,metric_vs_numerical,complexity_flux,mode,False,Данные НЕ подходят для корреляции Пирсона,"{'statistic': 0.9670314133937447, 'p_value': 4.491401996377669e-15, 'is_normal': False}","{'statistic': 0.6066940365614342, 'p_value': 2.5648984383431904e-44, 'is_normal': False}",-0.060048413184515155
complexity_flux_vs_speechiness,metric_vs_numerical,complexity_flux,speechiness,False,Данные НЕ подходят для корреляции Пирсона,"{'statistic': 0.9670314133937447, 'p_value': 4.491401996377669e-15, 'is_normal': False}","{'statistic': 0.617766898913064, 'p_value': 6.904896338964857e-44, 'is_normal': False}",0.16100760960729885
complexity_flux_vs_acousticness,metric_vs_numerical,complexity_flux,acousticness,False,Данные НЕ подходят для корреляции Пирсона,"{'statistic': 0.9670314133937447, 'p_value': 4.491401996377669e-15, 'is_normal': False}","{'statistic': 0.8567434995670484, 'p_value': 1.982471133369035e-30, 'is_normal': False}",-0.43219663950841225
complexity_flux_vs_instrumentalness,metric_vs_numerical,complexity_flux,instrumentalness,False,Данные НЕ подходят для корреляции Пирсона,"{'statistic': 0.9670314133937447, 'p_value': 4.491401996377669e-15, 'is_normal': False}","{'statistic': 0.40073803510168393, 'p_value': 6.517196625659062e-51, 'is_normal': False}",-0.25096432058822676
complexity_flux_vs_liveness,metric_vs_numerical,complexity_flux,liveness,False,Данные НЕ подходят для корреляции Пирсона,"{'statistic': 0.9670314133937447, 'p_value': 4.491401996377669e-15, 'is_normal': False}","{'statistic': 0.7326608720240646, 'p_value': 1.0946497645708549e-38, 'is_normal': False}",0.0750405746002665
complexity_flux_vs_valence,metric_vs_numerical,complexity_flux,valence,False,Данные НЕ подходят для корреляции Пирсона,"{'statistic': 0.9670314133937447, 'p_value': 4.491401996377669e-15, 'is_normal': False}","{'statistic': 0.9755762294380704, 'p_value': 1.2159285071517048e-12, 'is_normal': False}",0.5951030186850483
complexity_flux_vs_tempo,metric_vs_numerical,complexity_flux,tempo,False,Данные НЕ подходят для корреляции Пирсона,"{'statistic': 0.9670314133937447, 'p_value': 4.491401996377669e-15, 'is_normal': False}","{'statistic': 0.974913635139822, 'p_value': 7.542399851996708e-13, 'is_normal': False}",0.1603629697832623
complexity_flux_vs_time_signature,metric_vs_numerical,complexity_flux,time_signature,False,Данные НЕ подходят для корреляции Пирсона,"{'statistic': 0.9670314133937447, 'p_value': 4.491401996377669e-15, 'is_normal': False}","{'statistic': 0.36515792762021193, 'p_value': 7.47983501710547e-52, 'is_normal': False}",0.14106085541055768
entropy_harmony_vs_popularity,metric_vs_numerical,entropy_harmony,popularity,False,Данные НЕ подходят для корреляции Пирсона,"{'statistic': 0.9571618797624912, 'p_value': 2.160732609992177e-17, 'is_normal': False}","{'statistic': 0.84096689808979, 'p_value': 9.697278839544763e-32, 'is_normal': False}",-0.07892883123222659
entropy_harmony_vs_duration_ms,metric_vs_numerical,entropy_harmony,duration_ms,False,Данные НЕ подходят для корреляции Пирсона,"{'statistic': 0.9571618797624912, 'p_value': 2.160732609992177e-17, 'is_normal': False}","{'statistic': 0.9168982042018574, 'p_value': 4.548456566573656e-24, 'is_normal': False}",-0.023627824633762593
entropy_harmony_vs_danceability,metric_vs_numerical,entropy_harmony,danceability,False,Данные НЕ подходят для корреляции Пирсона,"{'statistic': 0.9571618797624912, 'p_value': 2.160732609992177e-17, 'is_normal': False}","{'statistic': 0.9874275826466967, 'p_value': 4.242031005456319e-08, 'is_normal': False}",-0.2955213084985579
entropy_harmony_vs_energy,metric_vs_numerical,entropy_harmony,energy,False,Данные НЕ подходят для корреляции Пирсона,"{'statistic': 0.9571618797624912, 'p_value': 2.160732609992177e-17, 'is_normal': False}","{'statistic': 0.9580207653631075, 'p_value': 3.313855598675532e-17, 'is_normal': False}",-0.22708342637149484
entropy_harmony_vs_key,metric_vs_numerical,entropy_harmony,key,False,Данные НЕ подходят для корреляции Пирсона,"{'statistic': 0.9571618797624912, 'p_value': 2.160732609992177e-17, 'is_normal': False}","{'statistic': 0.9317291650109623, 'p_value': 5.757593365786803e-22, 'is_normal': False}",-0.06519547226025933
entropy_harmony_vs_loudness,metric_vs_numerical,entropy_harmony,loudness,False,Данные НЕ подходят для корреляции Пирсона,"{'statistic': 0.9571618797624912, 'p_value': 2.160732609992177e-17, 'is_normal': False}","{'statistic': 0.8167679847838487, 'p_value': 1.4569444134067488e-33, 'is_normal': False}",-0.20770947266895054
entropy_harmony_vs_mode,metric_vs_numerical,entropy_harmony,mode,False,Данные НЕ подходят для корреляции Пирсона,"{'statistic': 0.9571618797624912, 'p_value': 2.160732609992177e-17, 'is_normal': False}","{'statistic': 0.6066940365614342, 'p_value': 2.5648984383431904e-44, 'is_normal': False}",0.09185204051958924
entropy_harmony_vs_speechiness,metric_vs_numerical,entropy_harmony,speechiness,False,Данные НЕ подходят для корреляции Пирсона,"{'statistic': 0.9571618797624912, 'p_value': 2.160732609992177e-17, 'is_normal': False}","{'statistic': 0.617766898913064, 'p_value': 6.904896338964857e-44, 'is_normal': False}",-0.17493668632004514
entropy_harmony_vs_acousticness,metric_vs_numerical,entropy_harmony,acousticness,False,Данные НЕ подходят для корреляции Пирсона,"{'statistic': 0.9571618797624912, 'p_value': 2.160732609992177e-17, 'is_normal': False}","{'statistic': 0.8567434995670484, 'p_value': 1.982471133369035e-30, 'is_normal': False}",0.414565383228393
entropy_harmony_vs_instrumentalness,metric_vs_numerical,entropy_harmony,instrumentalness,False,Данные НЕ подходят для корреляции Пирсона,"{'statistic': 0.9571618797624912, 'p_value': 2.160732609992177e-17, 'is_normal': False}","{'statistic': 0.40073803510168393, 'p_value': 6.517196625659062e-51, 'is_normal': False}",0.08682133591879647
entropy_harmony_vs_liveness,metric_vs_numerical,entropy_harmony,liveness,False,Данные НЕ подходят для корреляции Пирсона,"{'statistic': 0.9571618797624912, 'p_value': 2.160732609992177e-17, 'is_normal': False}","{'statistic': 0.7326608720240646, 'p_value': 1.0946497645708549e-38, 'is_normal': False}",0.0666119265463519
entropy_harmony_vs_valence,metric_vs_numerical,entropy_harmony,valence,False,Данные НЕ подходят для корреляции Пирсона,"{'statistic': 0.9571618797624912, 'p_value': 2.160732609992177e-17, 'is_normal': False}","{'statistic': 0.9755762294380704, 'p_value': 1.2159285071517048e-12, 'is_normal': False}",-0.017446925691452626
entropy_harmony_vs_tempo,metric_vs_numerical,entropy_harmony,tempo,False,Данные НЕ подходят для корреляции Пирсона,"{'statistic': 0.9571618797624912, 'p_value': 2.160732609992177e-17, 'is_normal': False}","{'statistic': 0.974913635139822, 'p_value': 7.542399851996708e-13, 'is_normal': False}",-0.06946566904387706
entropy_harmony_vs_time_signature,metric_vs_numerical,entropy_harmony,time_signature,False,Данные НЕ подходят для корреляции Пирсона,"{'statistic': 0.9571618797624912, 'p_value': 2.160732609992177e-17, 'is_normal': False}","{'statistic': 0.36515792762021193, 'p_value': 7.47983501710547e-52, 'is_normal': False}",-0.08313969083431806
complexity_harmony_vs_popularity,metric_vs_numerical,complexity_harmony,popularity,False,Данные НЕ подходят для корреляции Пирсона,"{'statistic': 0.9840843961336143, 'p_value': 1.4023360149327263e-09, 'is_normal': False}","{'statistic': 0.84096689808979, 'p_value': 9.697278839544763e-32, 'is_normal': False}",0.07156001508337886
complexity_harmony_vs_duration_ms,metric_vs_numerical,complexity_harmony,duration_ms,False,Данные НЕ подходят для корреляции Пирсона,"{'statistic': 0.9840843961336143, 'p_value': 1.4023360149327263e-09, 'is_normal': False}","{'statistic': 0.9168982042018574, 'p_value': 4.548456566573656e-24, 'is_normal': False}",-0.08474339859954422
complexity_harmony_vs_danceability,metric_vs_numerical,complexity_harmony,danceability,False,Данные НЕ подходят для корреляции Пирсона,"{'statistic': 0.9840843961336143, 'p_value': 1.4023360149327263e-09, 'is_normal': False}","{'statistic': 0.9874275826466967, 'p_value': 4.242031005456319e-08, 'is_normal': False}",0.2810676251997701
complexity_harmony_vs_energy,metric_vs_numerical,complexity_harmony,energy,False,Данные НЕ подходят для корреляции Пирсона,"{'statistic': 0.9840843961336143, 'p_value': 1.4023360149327263e-09, 'is_normal': False}","{'statistic': 0.9580207653631075, 'p_value': 3.313855598675532e-17, 'is_normal': False}",0.2360824914813818
complexity_harmony_vs_key,metric_vs_numerical,complexity_harmony,key,False,Данные НЕ подходят для корреляции Пирсона,"{'statistic': 0.9840843961336143, 'p_value': 1.4023360149327263e-09, 'is_normal': False}","{'statistic': 0.9317291650109623, 'p_value': 5.757593365786803e-22, 'is_normal': False}",0.06643428413120904
complexity_harmony_vs_loudness,metric_vs_numerical,complexity_harmony,loudness,False,Данные НЕ подходят для корреляции Пирсона,"{'statistic': 0.9840843961336143, 'p_value': 1.4023360149327263e-09, 'is_normal': False}","{'statistic': 0.8167679847838487, 'p_value': 1.4569444134067488e-33, 'is_normal': False}",0.16383131496525982
complexity_harmony_vs_mode,metric_vs_numerical,complexity_harmony,mode,False,Данные НЕ подходят для корреляции Пирсона,"{'statistic': 0.9840843961336143, 'p_value': 1.4023360149327263e-09, 'is_normal': False}","{'statistic': 0.6066940365614342, 'p_value': 2.5648984383431904e-44, 'is_normal': False}",-0.08569053935145678
complexity_harmony_vs_speechiness,metric_vs_numerical,complexity_harmony,speechiness,False,Данные НЕ подходят для корреляции Пирсона,"{'statistic': 0.9840843961336143, 'p_value': 1.4023360149327263e-09, 'is_normal': False}","{'statistic': 0.617766898913064, 'p_value': 6.904896338964857e-44, 'is_normal': False}",0.1077343412230388
complexity_harmony_vs_acousticness,metric_vs_numerical,complexity_harmony,acousticness,False,Данные НЕ подходят для корреляции Пирсона,"{'statistic': 0.9840843961336143, 'p_value': 1.4023360149327263e-09, 'is_normal': False}","{'statistic': 0.8567434995670484, 'p_value': 1.982471133369035e-30, 'is_normal': False}",-0.3726848336733592
complexity_harmony_vs_instrumentalness,metric_vs_numerical,complexity_harmony,instrumentalness,False,Данные НЕ подходят для корреляции Пирсона,"{'statistic': 0.9840843961336143, 'p_value': 1.4023360149327263e-09, 'is_normal': False}","{'statistic': 0.40073803510168393, 'p_value': 6.517196625659062e-51, 'is_normal': False}",-0.06613577327195161
complexity_harmony_vs_liveness,metric_vs_numerical,complexity_harmony,liveness,False,Данные НЕ подходят для корреляции Пирсона,"{'statistic': 0.9840843961336143, 'p_value': 1.4023360149327263e-09, 'is_normal': False}","{'statistic': 0.7326608720240646, 'p_value': 1.0946497645708549e-38, 'is_normal': False}",-0.07749074933727028
complexity_harmony_vs_valence,metric_vs_numerical,complexity_harmony,valence,False,Данные НЕ подходят для корреляции Пирсона,"{'statistic': 0.9840843961336143, 'p_value': 1.4023360149327263e-09, 'is_normal': False}","{'statistic': 0.9755762294380704, 'p_value': 1.2159285071517048e-12, 'is_normal': False}",0.12510537525688117
complexity_harmony_vs_tempo,metric_vs_numerical,complexity_harmony,tempo,False,Данные НЕ подходят для корреляции Пирсона,"{'statistic': 0.9840843961336143, 'p_value': 1.4023360149327263e-09, 'is_normal': False}","{'statistic': 0.974913635139822, 'p_value': 7.542399851996708e-13, 'is_normal': False}",0.08276198635935399
complexity_harmony_vs_time_signature,metric_vs_numerical,complexity_harmony,time_signature,False,Данные НЕ подходят для корреляции Пирсона,"{'statistic': 0.9840843961336143, 'p_value': 1.4023360149327263e-09, 'is_normal': False}","{'statistic': 0.36515792762021193, 'p_value': 7.47983501710547e-52, 'is_normal': False}",0.09563853410669283
entropy_spectral_vs_popularity,metric_vs_numerical,entropy_spectral,popularity,False,Данные НЕ подходят для корреляции Пирсона,"{'statistic': 0.8537998230666216, 'p_value': 1.1074860626861002e-30, 'is_normal': False}","{'statistic': 0.84096689808979, 'p_value': 9.697278839544763e-32, 'is_normal': False}",0.13429750743143737
entropy_spectral_vs_duration_ms,metric_vs_numerical,entropy_spectral,duration_ms,False,Данные НЕ подходят для корреляции Пирсона,"{'statistic': 0.8537998230666216, 'p_value': 1.1074860626861002e-30, 'is_normal': False}","{'statistic': 0.9168982042018574, 'p_value': 4.548456566573656e-24, 'is_normal': False}",0.11281189827489797
entropy_spectral_vs_danceability,metric_vs_numerical,entropy_spectral,danceability,False,Данные НЕ подходят для корреляции Пирсона,"{'statistic': 0.8537998230666216, 'p_value': 1.1074860626861002e-30, 'is_normal': False}","{'statistic': 0.9874275826466967, 'p_value': 4.242031005456319e-08, 'is_normal': False}",0.4019601651273773
entropy_spectral_vs_energy,metric_vs_numerical,entropy_spectral,energy,False,Данные НЕ подходят для корреляции Пирсона,"{'statistic': 0.8537998230666216, 'p_value': 1.1074860626861002e-30, 'is_normal': False}","{'statistic': 0.9580207653631075, 'p_value': 3.313855598675532e-17, 'is_normal': False}",0.5595341974768573
entropy_spectral_vs_key,metric_vs_numerical,entropy_spectral,key,False,Данные НЕ подходят для корреляции Пирсона,"{'statistic': 0.8537998230666216, 'p_value': 1.1074860626861002e-30, 'is_normal': False}","{'statistic': 0.9317291650109623, 'p_value': 5.757593365786803e-22, 'is_normal': False}",0.07764273642269118
entropy_spectral_vs_loudness,metric_vs_numerical,entropy_spectral,loudness,False,Данные НЕ подходят для корреляции Пирсона,"{'statistic': 0.8537998230666216, 'p_value': 1.1074860626861002e-30, 'is_normal': False}","{'statistic': 0.8167679847838487, 'p_value': 1.4569444134067488e-33, 'is_normal': False}",0.6770341452620203
entropy_spectral_vs_mode,metric_vs_numerical,entropy_spectral,mode,False,Данные НЕ подходят для корреляции Пирсона,"{'statistic': 0.8537998230666216, 'p_value': 1.1074860626861002e-30, 'is_normal': False}","{'statistic': 0.6066940365614342, 'p_value': 2.5648984383431904e-44, 'is_normal': False}",-0.1282005976662652
entropy_spectral_vs_speechiness,metric_vs_numerical,entropy_spectral,speechiness,False,Данные НЕ подходят для корреляции Пирсона,"{'statistic': 0.8537998230666216, 'p_value': 1.1074860626861002e-30, 'is_normal': False}","{'statistic': 0.617766898913064, 'p_value': 6.904896338964857e-44, 'is_normal': False}",0.14060764064977713
entropy_spectral_vs_acousticness,metric_vs_numerical,entropy_spectral,acousticness,False,Данные НЕ подходят для корреляции Пирсона,"{'statistic': 0.8537998230666216, 'p_value': 1.1074860626861002e-30, 'is_normal': False}","{'statistic': 0.8567434995670484, 'p_value': 1.982471133369035e-30, 'is_normal': False}",-0.5956838714728093
entropy_spectral_vs_instrumentalness,metric_vs_numerical,entropy_spectral,instrumentalness,False,Данные НЕ подходят для корреляции Пирсона,"{'statistic': 0.8537998230666216, 'p_value': 1.1074860626861002e-30, 'is_normal': False}","{'statistic': 0.40073803510168393, 'p_value': 6.517196625659062e-51, 'is_normal': False}",-0.6288020881397256
entropy_spectral_vs_liveness,metric_vs_numerical,entropy_spectral,liveness,False,Данные НЕ подходят для корреляции Пирсона,"{'statistic': 0.8537998230666216, 'p_value': 1.1074860626861002e-30, 'is_normal': False}","{'statistic': 0.7326608720240646, 'p_value': 1.0946497645708549e-38, 'is_normal': False}",0.0760156664582632
entropy_spectral_vs_valence,metric_vs_numerical,entropy_spectral,valence,False,Данные НЕ подходят для корреляции Пирсона,"{'statistic': 0.8537998230666216, 'p_value': 1.1074860626861002e-30, 'is_normal': False}","{'statistic': 0.9755762294380704, 'p_value': 1.2159285071517048e-12, 'is_normal': False}",0.24047993569614587
entropy_spectral_vs_tempo,metric_vs_numerical,entropy_spectral,tempo,False,Данные НЕ подходят для корреляции Пирсона,"{'statistic': 0.8537998230666216, 'p_value': 1.1074860626861002e-30, 'is_normal': False}","{'statistic': 0.974913635139822, 'p_value': 7.542399851996708e-13, 'is_normal': False}",0.11294800613759678
entropy_spectral_vs_time_signature,metric_vs_numerical,entropy_spectral,time_signature,False,Данные НЕ подходят для корреляции Пирсона,"{'statistic': 0.8537998230666216, 'p_value': 1.1074860626861002e-30, 'is_normal': False}","{'statistic': 0.36515792762021193, 'p_value': 7.47983501710547e-52, 'is_normal': False}",0.15260203208066095
complexity_spectral_vs_popularity,metric_vs_numerical,complexity_spectral,popularity,False,Данные НЕ подходят для корреляции Пирсона,"{'statistic': 0.7663089762360052, 'p_value': 8.082981115840243e-37, 'is_normal': False}","{'statistic': 0.84096689808979, 'p_value': 9.697278839544763e-32, 'is_normal': False}",0.08129803705447071
complexity_spectral_vs_duration_ms,metric_vs_numerical,complexity_spectral,duration_ms,False,Данные НЕ подходят для корреляции Пирсона,"{'statistic': 0.7663089762360052, 'p_value': 8.082981115840243e-37, 'is_normal': False}","{'statistic': 0.9168982042018574, 'p_value': 4.548456566573656e-24, 'is_normal': False}",0.10648954123564912
complexity_spectral_vs_danceability,metric_vs_numerical,complexity_spectral,danceability,False,Данные НЕ подходят для корреляции Пирсона,"{'statistic': 0.7663089762360052, 'p_value': 8.082981115840243e-37, 'is_normal': False}","{'statistic': 0.9874275826466967, 'p_value': 4.242031005456319e-08, 'is_normal': False}",0.12554086557667785
complexity_spectral_vs_energy,metric_vs_numerical,complexity_spectral,energy,False,Данные НЕ подходят для корреляции Пирсона,"{'statistic': 0.7663089762360052, 'p_value': 8.082981115840243e-37, 'is_normal': False}","{'statistic': 0.9580207653631075, 'p_value': 3.313855598675532e-17, 'is_normal': False}",0.3286204341766884
complexity_spectral_vs_key,metric_vs_numerical,complexity_spectral,key,False,Данные НЕ подходят для корреляции Пирсона,"{'statistic': 0.7663089762360052, 'p_value': 8.082981115840243e-37, 'is_normal': False}","{'statistic': 0.9317291650109623, 'p_value': 5.757593365786803e-22, 'is_normal': False}",0.014180210535951983
complexity_spectral_vs_loudness,metric_vs_numerical,complexity_spectral,loudness,False,Данные НЕ подходят для корреляции Пирсона,"{'statistic': 0.7663089762360052, 'p_value': 8.082981115840243e-37, 'is_normal': False}","{'statistic': 0.8167679847838487, 'p_value': 1.4569444134067488e-33, 'is_normal': False}",0.4936623610897494
complexity_spectral_vs_mode,metric_vs_numerical,complexity_spectral,mode,False,Данные НЕ подходят для корреляции Пирсона,"{'statistic': 0.7663089762360052, 'p_value': 8.082981115840243e-37, 'is_normal': False}","{'statistic': 0.6066940365614342, 'p_value': 2.5648984383431904e-44, 'is_normal': False}",-0.05711748189414828
complexity_spectral_vs_speechiness,metric_vs_numerical,complexity_spectral,speechiness,False,Данные НЕ подходят для корреляции Пирсона,"{'statistic': 0.7663089762360052, 'p_value': 8.082981115840243e-37, 'is_normal': False}","{'statistic': 0.617766898913064, 'p_value': 6.904896338964857e-44, 'is_normal': False}",0.031101843181868084
complexity_spectral_vs_acousticness,metric_vs_numerical,complexity_spectral,acousticness,False,Данные НЕ подходят для корреляции Пирсона,"{'statistic': 0.7663089762360052, 'p_value': 8.082981115840243e-37, 'is_normal': False}","{'statistic': 0.8567434995670484, 'p_value': 1.982471133369035e-30, 'is_normal': False}",-0.2900318971733012
complexity_spectral_vs_instrumentalness,metric_vs_numerical,complexity_spectral,instrumentalness,False,Данные НЕ подходят для корреляции Пирсона,"{'statistic': 0.7663089762360052, 'p_value': 8.082981115840243e-37, 'is_normal': False}","{'statistic': 0.40073803510168393, 'p_value': 6.517196625659062e-51, 'is_normal': False}",-0.5246577591898994
complexity_spectral_vs_liveness,metric_vs_numerical,complexity_spectral,liveness,False,Данные НЕ подходят для корреляции Пирсона,"{'statistic': 0.7663089762360052, 'p_value': 8.082981115840243e-37, 'is_normal': False}","{'statistic': 0.7326608720240646, 'p_value': 1.0946497645708549e-38, 'is_normal': False}",0.0725016452551118
complexity_spectral_vs_valence,metric_vs_numerical,complexity_spectral,valence,False,Данные НЕ подходят для корреляции Пирсона,"{'statistic': 0.7663089762360052, 'p_value': 8.082981115840243e-37, 'is_normal': False}","{'statistic': 0.9755762294380704, 'p_value': 1.2159285071517048e-12, 'is_normal': False}",0.040726406043696685
complexity_spectral_vs_tempo,metric_vs_numerical,complexity_spectral,tempo,False,Данные НЕ подходят для корреляции Пирсона,"{'statistic': 0.7663089762360052, 'p_value': 8.082981115840243e-37, 'is_normal': False}","{'statistic': 0.974913635139822, 'p_value': 7.542399851996708e-13, 'is_normal': False}",0.08807681386097603
complexity_spectral_vs_time_signature,metric_vs_numerical,complexity_spectral,time_signature,False,Данные НЕ подходят для корреляции Пирсона,"{'statistic': 0.7663089762360052, 'p_value': 8.082981115840243e-37, 'is_normal': False}","{'statistic': 0.36515792762021193, 'p_value': 7.47983501710547e-52, 'is_normal': False}",0.07565118701477536
higuchi_fd_vs_popularity,metric_vs_numerical,higuchi_fd,popularity,False,Данные НЕ подходят для корреляции Пирсона,"{'statistic': 0.9656370628022828, 'p_value': 1.9853157042977833e-15, 'is_normal': False}","{'statistic': 0.84096689808979, 'p_value': 9.697278839544763e-32, 'is_normal': False}",-0.1083549446937002
higuchi_fd_vs_duration_ms,metric_vs_numerical,higuchi_fd,duration_ms,False,Данные НЕ подходят для корреляции Пирсона,"{'statistic': 0.9656370628022828, 'p_value': 1.9853157042977833e-15, 'is_normal': False}","{'statistic': 0.9168982042018574, 'p_value': 4.548456566573656e-24, 'is_normal': False}",-0.012769382377664253
higuchi_fd_vs_danceability,metric_vs_numerical,higuchi_fd,danceability,False,Данные НЕ подходят для корреляции Пирсона,"{'statistic': 0.9656370628022828, 'p_value': 1.9853157042977833e-15, 'is_normal': False}","{'statistic': 0.9874275826466967, 'p_value': 4.242031005456319e-08, 'is_normal': False}",-0.24707356247256942
higuchi_fd_vs_energy,metric_vs_numerical,higuchi_fd,energy,False,Данные НЕ подходят для корреляции Пирсона,"{'statistic': 0.9656370628022828, 'p_value': 1.9853157042977833e-15, 'is_normal': False}","{'statistic': 0.9580207653631075, 'p_value': 3.313855598675532e-17, 'is_normal': False}",0.11334807880608477
higuchi_fd_vs_key,metric_vs_numerical,higuchi_fd,key,False,Данные НЕ подходят для корреляции Пирсона,"{'statistic': 0.9656370628022828, 'p_value': 1.9853157042977833e-15, 'is_normal': False}","{'statistic': 0.9317291650109623, 'p_value': 5.757593365786803e-22, 'is_normal': False}",0.024530305465109772
higuchi_fd_vs_loudness,metric_vs_numerical,higuchi_fd,loudness,False,Данные НЕ подходят для корреляции Пирсона,"{'statistic': 0.9656370628022828, 'p_value': 1.9853157042977833e-15, 'is_normal': False}","{'statistic': 0.8167679847838487, 'p_value': 1.4569444134067488e-33, 'is_normal': False}",0.041357053310878855
higuchi_fd_vs_mode,metric_vs_numerical,higuchi_fd,mode,False,Данные НЕ подходят для корреляции Пирсона,"{'statistic': 0.9656370628022828, 'p_value': 1.9853157042977833e-15, 'is_normal': False}","{'statistic': 0.6066940365614342, 'p_value': 2.5648984383431904e-44, 'is_normal': False}",0.07857725547283091
higuchi_fd_vs_speechiness,metric_vs_numerical,higuchi_fd,speechiness,False,Данные НЕ подходят для корреляции Пирсона,"{'statistic': 0.9656370628022828, 'p_value': 1.9853157042977833e-15, 'is_normal': False}","{'statistic': 0.617766898913064, 'p_value': 6.904896338964857e-44, 'is_normal': False}",-0.1314427785826903
higuchi_fd_vs_acousticness,metric_vs_numerical,higuchi_fd,acousticness,False,Данные НЕ подходят для корреляции Пирсона,"{'statistic': 0.9656370628022828, 'p_value': 1.9853157042977833e-15, 'is_normal': False}","{'statistic': 0.8567434995670484, 'p_value': 1.982471133369035e-30, 'is_normal': False}",0.06318499667425093
higuchi_fd_vs_instrumentalness,metric_vs_numerical,higuchi_fd,instrumentalness,False,Данные НЕ подходят для корреляции Пирсона,"{'statistic': 0.9656370628022828, 'p_value': 1.9853157042977833e-15, 'is_normal': False}","{'statistic': 0.40073803510168393, 'p_value': 6.517196625659062e-51, 'is_normal': False}",-0.054398335223006106
higuchi_fd_vs_liveness,metric_vs_numerical,higuchi_fd,liveness,False,Данные НЕ подходят для корреляции Пирсона,"{'statistic': 0.9656370628022828, 'p_value': 1.9853157042977833e-15, 'is_normal': False}","{'statistic': 0.7326608720240646, 'p_value': 1.0946497645708549e-38, 'is_normal': False}",0.1481437804841433
higuchi_fd_vs_valence,metric_vs_numerical,higuchi_fd,valence,False,Данные НЕ подходят для корреляции Пирсона,"{'statistic': 0.9656370628022828, 'p_value': 1.9853157042977833e-15, 'is_normal': False}","{'statistic': 0.9755762294380704, 'p_value': 1.2159285071517048e-12, 'is_normal': False}",0.14574384497123025
higuchi_fd_vs_tempo,metric_vs_numerical,higuchi_fd,tempo,False,Данные НЕ подходят для корреляции Пирсона,"{'statistic': 0.9656370628022828, 'p_value': 1.9853157042977833e-15, 'is_normal': False}","{'statistic': 0.974913635139822, 'p_value': 7.542399851996708e-13, 'is_normal': False}",0.012344307602081966
higuchi_fd_vs_time_signature,metric_vs_numerical,higuchi_fd,time_signature,False,Данные НЕ подходят для корреляции Пирсона,"{'statistic': 0.9656370628022828, 'p_value': 1.9853157042977833e-15, 'is_normal': False}","{'statistic': 0.36515792762021193, 'p_value': 7.47983501710547e-52, 'is_normal': False}",-0.0502577141371363
box_counting_fd_vs_popularity,metric_vs_numerical,box_counting_fd,popularity,False,Данные НЕ подходят для корреляции Пирсона,"{'statistic': 0.8557200974988819, 'p_value': 1.6174661160977374e-30, 'is_normal': False}","{'statistic': 0.84096689808979, 'p_value': 9.697278839544763e-32, 'is_normal': False}",0.06317051022957758
box_counting_fd_vs_duration_ms,metric_vs_numerical,box_counting_fd,duration_ms,False,Данные НЕ подходят для корреляции Пирсона,"{'statistic': 0.8557200974988819, 'p_value': 1.6174661160977374e-30, 'is_normal': False}","{'statistic': 0.9168982042018574, 'p_value': 4.548456566573656e-24, 'is_normal': False}",0.03184610567617021
box_counting_fd_vs_danceability,metric_vs_numerical,box_counting_fd,danceability,False,Данные НЕ подходят для корреляции Пирсона,"{'statistic': 0.8557200974988819, 'p_value': 1.6174661160977374e-30, 'is_normal': False}","{'statistic': 0.9874275826466967, 'p_value': 4.242031005456319e-08, 'is_normal': False}",-0.012532571193745996
box_counting_fd_vs_energy,metric_vs_numerical,box_counting_fd,energy,False,Данные НЕ подходят для корреляции Пирсона,"{'statistic': 0.8557200974988819, 'p_value': 1.6174661160977374e-30, 'is_normal': False}","{'statistic': 0.9580207653631075, 'p_value': 3.313855598675532e-17, 'is_normal': False}",0.20090080449760905
box_counting_fd_vs_key,metric_vs_numerical,box_counting_fd,key,False,Данные НЕ подходят для корреляции Пирсона,"{'statistic': 0.8557200974988819, 'p_value': 1.6174661160977374e-30, 'is_normal': False}","{'statistic': 0.9317291650109623, 'p_value': 5.757593365786803e-22, 'is_normal': False}",-0.007888814775242206
box_counting_fd_vs_loudness,metric_vs_numerical,box_counting_fd,loudness,False,Данные НЕ подходят для корреляции Пирсона,"{'statistic': 0.8557200974988819, 'p_value': 1.6174661160977374e-30, 'is_normal': False}","{'statistic': 0.8167679847838487, 'p_value': 1.4569444134067488e-33, 'is_normal': False}",0.22726252220109633
box_counting_fd_vs_mode,metric_vs_numerical,box_counting_fd,mode,False,Данные НЕ подходят для корреляции Пирсона,"{'statistic': 0.8557200974988819, 'p_value': 1.6174661160977374e-30, 'is_normal': False}","{'statistic': 0.6066940365614342, 'p_value': 2.5648984383431904e-44, 'is_normal': False}",-0.06298554711732877
box_counting_fd_vs_speechiness,metric_vs_numerical,box_counting_fd,speechiness,False,Данные НЕ подходят для корреляции Пирсона,"{'statistic': 0.8557200974988819, 'p_value': 1.6174661160977374e-30, 'is_normal': False}","{'statistic': 0.617766898913064, 'p_value': 6.904896338964857e-44, 'is_normal': False}",0.045305980316904915
box_counting_fd_vs_acousticness,metric_vs_numerical,box_counting_fd,acousticness,False,Данные НЕ подходят для корреляции Пирсона,"{'statistic': 0.8557200974988819, 'p_value': 1.6174661160977374e-30, 'is_normal': False}","{'statistic': 0.8567434995670484, 'p_value': 1.982471133369035e-30, 'is_normal': False}",-0.20179948899349448
box_counting_fd_vs_instrumentalness,metric_vs_numerical,box_counting_fd,instrumentalness,False,Данные НЕ подходят для корреляции Пирсона,"{'statistic': 0.8557200974988819, 'p_value': 1.6174661160977374e-30, 'is_normal': False}","{'statistic': 0.40073803510168393, 'p_value': 6.517196625659062e-51, 'is_normal': False}",-0.1476478633632949
box_counting_fd_vs_liveness,metric_vs_numerical,box_counting_fd,liveness,False,Данные НЕ подходят для корреляции Пирсона,"{'statistic': 0.8557200974988819, 'p_value': 1.6174661160977374e-30, 'is_normal': False}","{'statistic': 0.7326608720240646, 'p_value': 1.0946497645708549e-38, 'is_normal': False}",-0.008283850917066331
box_counting_fd_vs_valence,metric_vs_numerical,box_counting_fd,valence,False,Данные НЕ подходят для корреляции Пирсона,"{'statistic': 0.8557200974988819, 'p_value': 1.6174661160977374e-30, 'is_normal': False}","{'statistic': 0.9755762294380704, 'p_value': 1.2159285071517048e-12, 'is_normal': False}",-0.05159098754068929
box_counting_fd_vs_tempo,metric_vs_numerical,box_counting_fd,tempo,False,Данные НЕ подходят для корреляции Пирсона,"{'statistic': 0.8557200974988819, 'p_value': 1.6174661160977374e-30, 'is_normal': False}","{'statistic': 0.974913635139822, 'p_value': 7.542399851996708e-13, 'is_normal': False}",0.028693902362302747
box_counting_fd_vs_time_signature,metric_vs_numerical,box_counting_fd,time_signature,False,Данные НЕ подходят для корреляции Пирсона,"{'statistic': 0.8557200974988819, 'p_value': 1.6174661160977374e-30, 'is_normal': False}","{'statistic': 0.36515792762021193, 'p_value': 7.47983501710547e-52, 'is_normal': False}",0.047849960287911546
entropy_amplitude_vs_complexity_amplitude,metric_vs_metric,entropy_amplitude,complexity_amplitude,False,Данные НЕ подходят для корреляции Пирсона,"{'statistic': 0.9536118702203846, 'p_value': 3.926089392344299e-18, 'is_normal': False}","{'statistic': 0.9978316070440114, 'p_value': 0.16162423696562492, 'is_normal': True}",-0.9296142391151601
entropy_amplitude_vs_entropy_flux,metric_vs_metric,entropy_amplitude,entropy_flux,False,Данные НЕ подходят для корреляции Пирсона,"{'statistic': 0.9536118702203846, 'p_value': 3.926089392344299e-18, 'is_normal': False}","{'statistic': 0.9939299930360626, 'p_value': 0.00019515759668635845, 'is_normal': False}",0.39741466080610344
entropy_amplitude_vs_complexity_flux,metric_vs_metric,entropy_amplitude,complexity_flux,False,Данные НЕ подходят для корреляции Пирсона,"{'statistic': 0.9536118702203846, 'p_value': 3.926089392344299e-18, 'is_normal': False}","{'statistic': 0.9670314133937447, 'p_value': 4.491401996377669e-15, 'is_normal': False}",-0.12956211867959294
entropy_amplitude_vs_entropy_harmony,metric_vs_metric,entropy_amplitude,entropy_harmony,False,Данные НЕ подходят для корреляции Пирсона,"{'statistic': 0.9536118702203846, 'p_value': 3.926089392344299e-18, 'is_normal': False}","{'statistic': 0.9571618797624912, 'p_value': 2.160732609992177e-17, 'is_normal': False}",0.10973888474615771
entropy_amplitude_vs_complexity_harmony,metric_vs_metric,entropy_amplitude,complexity_harmony,False,Данные НЕ подходят для корреляции Пирсона,"{'statistic': 0.9536118702203846, 'p_value': 3.926089392344299e-18, 'is_normal': False}","{'statistic': 0.9840843961336143, 'p_value': 1.4023360149327263e-09, 'is_normal': False}",-0.14142310931265564
entropy_amplitude_vs_entropy_spectral,metric_vs_metric,entropy_amplitude,entropy_spectral,False,Данные НЕ подходят для корреляции Пирсона,"{'statistic': 0.9536118702203846, 'p_value': 3.926089392344299e-18, 'is_normal': False}","{'statistic': 0.8537998230666216, 'p_value': 1.1074860626861002e-30, 'is_normal': False}",0.26125424585749946
entropy_amplitude_vs_complexity_spectral,metric_vs_metric,entropy_amplitude,complexity_spectral,False,Данные НЕ подходят для корреляции Пирсона,"{'statistic': 0.9536118702203846, 'p_value': 3.926089392344299e-18, 'is_normal': False}","{'statistic': 0.7663089762360052, 'p_value': 8.082981115840243e-37, 'is_normal': False}",0.3177438852109652
entropy_amplitude_vs_higuchi_fd,metric_vs_metric,entropy_amplitude,higuchi_fd,False,Данные НЕ подходят для корреляции Пирсона,"{'statistic': 0.9536118702203846, 'p_value': 3.926089392344299e-18, 'is_normal': False}","{'statistic': 0.9656370628022828, 'p_value': 1.9853157042977833e-15, 'is_normal': False}",0.17244519716230142
entropy_amplitude_vs_box_counting_fd,metric_vs_metric,entropy_amplitude,box_counting_fd,False,Данные НЕ подходят для корреляции Пирсона,"{'statistic': 0.9536118702203846, 'p_value': 3.926089392344299e-18, 'is_normal': False}","{'statistic': 0.8557200974988819, 'p_value': 1.6174661160977374e-30, 'is_normal': False}",0.07845872596711718
complexity_amplitude_vs_entropy_flux,metric_vs_metric,complexity_amplitude,entropy_flux,False,Данные НЕ подходят для корреляции Пирсона,"{'statistic': 0.9978316070440114, 'p_value': 0.16162423696562492, 'is_normal': True}","{'statistic': 0.9939299930360626, 'p_value': 0.00019515759668635845, 'is_normal': False}",-0.5191015897863615
complexity_amplitude_vs_complexity_flux,metric_vs_metric,complexity_amplitude,complexity_flux,False,Данные НЕ подходят для корреляции Пирсона,"{'statistic': 0.9978316070440114, 'p_value': 0.16162423696562492, 'is_normal': True}","{'statistic': 0.9670314133937447, 'p_value': 4.491401996377669e-15, 'is_normal': False}",0.3021906321717827
complexity_amplitude_vs_entropy_harmony,metric_vs_metric,complexity_amplitude,entropy_harmony,False,Данные НЕ подходят для корреляции Пирсона,"{'statistic': 0.9978316070440114, 'p_value': 0.16162423696562492, 'is_normal': True}","{'statistic': 0.9571618797624912, 'p_value': 2.160732609992177e-17, 'is_normal': False}",-0.08301048974391417
complexity_amplitude_vs_complexity_harmony,metric_vs_metric,complexity_amplitude,complexity_harmony,False,Данные НЕ подходят для корреляции Пирсона,"{'statistic': 0.9978316070440114, 'p_value': 0.16162423696562492, 'is_normal': True}","{'statistic': 0.9840843961336143, 'p_value': 1.4023360149327263e-09, 'is_normal': False}",0.16913601466545491
complexity_amplitude_vs_entropy_spectral,metric_vs_metric,complexity_amplitude,entropy_spectral,False,Данные НЕ подходят для корреляции Пирсона,"{'statistic': 0.9978316070440114, 'p_value': 0.16162423696562492, 'is_normal': True}","{'statistic': 0.8537998230666216, 'p_value': 1.1074860626861002e-30, 'is_normal': False}",-0.1677432526914698
complexity_amplitude_vs_complexity_spectral,metric_vs_metric,complexity_amplitude,complexity_spectral,False,Данные НЕ подходят для корреляции Пирсона,"{'statistic': 0.9978316070440114, 'p_value': 0.16162423696562492, 'is_normal': True}","{'statistic': 0.7663089762360052, 'p_value': 8.082981115840243e-37, 'is_normal': False}",-0.26559310281177234
complexity_amplitude_vs_higuchi_fd,metric_vs_metric,complexity_amplitude,higuchi_fd,False,Данные НЕ подходят для корреляции Пирсона,"{'statistic': 0.9978316070440114, 'p_value': 0.16162423696562492, 'is_normal': True}","{'statistic': 0.9656370628022828, 'p_value': 1.9853157042977833e-15, 'is_normal': False}",-0.14628357436188658
complexity_amplitude_vs_box_counting_fd,metric_vs_metric,complexity_amplitude,box_counting_fd,False,Данные НЕ подходят для корреляции Пирсона,"{'statistic': 0.9978316070440114, 'p_value': 0.16162423696562492, 'is_normal': True}","{'statistic': 0.8557200974988819, 'p_value': 1.6174661160977374e-30, 'is_normal': False}",-0.12282373069809016
entropy_flux_vs_complexity_flux,metric_vs_metric,entropy_flux,complexity_flux,False,Данные НЕ подходят для корреляции Пирсона,"{'statistic': 0.9939299930360626, 'p_value': 0.00019515759668635845, 'is_normal': False}","{'statistic': 0.9670314133937447, 'p_value': 4.491401996377669e-15, 'is_normal': False}",-0.817107734431647
entropy_flux_vs_entropy_harmony,metric_vs_metric,entropy_flux,entropy_harmony,False,Данные НЕ подходят для корреляции Пирсона,"{'statistic': 0.9939299930360626, 'p_value': 0.00019515759668635845, 'is_normal': False}","{'statistic': 0.9571618797624912, 'p_value': 2.160732609992177e-17, 'is_normal': False}",0.19966742093511902
entropy_flux_vs_complexity_harmony,metric_vs_metric,entropy_flux,complexity_harmony,False,Данные НЕ подходят для корреляции Пирсона,"{'statistic': 0.9939299930360626, 'p_value': 0.00019515759668635845, 'is_normal': False}","{'statistic': 0.9840843961336143, 'p_value': 1.4023360149327263e-09, 'is_normal': False}",-0.28939887904749084
entropy_flux_vs_entropy_spectral,metric_vs_metric,entropy_flux,entropy_spectral,False,Данные НЕ подходят для корреляции Пирсона,"{'statistic': 0.9939299930360626, 'p_value': 0.00019515759668635845, 'is_normal': False}","{'statistic': 0.8537998230666216, 'p_value': 1.1074860626861002e-30, 'is_normal': False}",-0.30105736022381174
entropy_flux_vs_complexity_spectral,metric_vs_metric,entropy_flux,complexity_spectral,False,Данные НЕ подходят для корреляции Пирсона,"{'statistic': 0.9939299930360626, 'p_value': 0.00019515759668635845, 'is_normal': False}","{'statistic': 0.7663089762360052, 'p_value': 8.082981115840243e-37, 'is_normal': False}",-0.07803261641509916
entropy_flux_vs_higuchi_fd,metric_vs_metric,entropy_flux,higuchi_fd,False,Данные НЕ подходят для корреляции Пирсона,"{'statistic': 0.9939299930360626, 'p_value': 0.00019515759668635845, 'is_normal': False}","{'statistic': 0.9656370628022828, 'p_value': 1.9853157042977833e-15, 'is_normal': False}",-0.01702718689909289
entropy_flux_vs_box_counting_fd,metric_vs_metric,entropy_flux,box_counting_fd,False,Данные НЕ подходят для корреляции Пирсона,"{'statistic': 0.9939299930360626, 'p_value': 0.00019515759668635845, 'is_normal': False}","{'statistic': 0.8557200974988819, 'p_value': 1.6174661160977374e-30, 'is_normal': False}",-0.025808817240468403
complexity_flux_vs_entropy_harmony,metric_vs_metric,complexity_flux,entropy_harmony,False,Данные НЕ подходят для корреляции Пирсона,"{'statistic': 0.9670314133937447, 'p_value': 4.491401996377669e-15, 'is_normal': False}","{'statistic': 0.9571618797624912, 'p_value': 2.160732609992177e-17, 'is_normal': False}",-0.1999263966806763
complexity_flux_vs_complexity_harmony,metric_vs_metric,complexity_flux,complexity_harmony,False,Данные НЕ подходят для корреляции Пирсона,"{'statistic': 0.9670314133937447, 'p_value': 4.491401996377669e-15, 'is_normal': False}","{'statistic': 0.9840843961336143, 'p_value': 1.4023360149327263e-09, 'is_normal': False}",0.31560770891522405
complexity_flux_vs_entropy_spectral,metric_vs_metric,complexity_flux,entropy_spectral,False,Данные НЕ подходят для корреляции Пирсона,"{'statistic': 0.9670314133937447, 'p_value': 4.491401996377669e-15, 'is_normal': False}","{'statistic': 0.8537998230666216, 'p_value': 1.1074860626861002e-30, 'is_normal': False}",0.3820042020053798
complexity_flux_vs_complexity_spectral,metric_vs_metric,complexity_flux,complexity_spectral,False,Данные НЕ подходят для корреляции Пирсона,"{'statistic': 0.9670314133937447, 'p_value': 4.491401996377669e-15, 'is_normal': False}","{'statistic': 0.7663089762360052, 'p_value': 8.082981115840243e-37, 'is_normal': False}",0.07006241737190202
complexity_flux_vs_higuchi_fd,metric_vs_metric,complexity_flux,higuchi_fd,False,Данные НЕ подходят для корреляции Пирсона,"{'statistic': 0.9670314133937447, 'p_value': 4.491401996377669e-15, 'is_normal': False}","{'statistic': 0.9656370628022828, 'p_value': 1.9853157042977833e-15, 'is_normal': False}",-0.007192601717354129
complexity_flux_vs_box_counting_fd,metric_vs_metric,complexity_flux,box_counting_fd,False,Данные НЕ подходят для корреляции Пирсона,"{'statistic': 0.9670314133937447, 'p_value': 4.491401996377669e-15, 'is_normal': False}","{'statistic': 0.8557200974988819, 'p_value': 1.6174661160977374e-30, 'is_normal': False}",-0.019073897249347792
entropy_harmony_vs_complexity_harmony,metric_vs_metric,entropy_harmony,complexity_harmony,False,Данные НЕ подходят для корреляции Пирсона,"{'statistic': 0.9571618797624912, 'p_value': 2.160732609992177e-17, 'is_normal': False}","{'statistic': 0.9840843961336143, 'p_value': 1.4023360149327263e-09, 'is_normal': False}",-0.8781132254419367
entropy_harmony_vs_entropy_spectral,metric_vs_metric,entropy_harmony,entropy_spectral,False,Данные НЕ подходят для корреляции Пирсона,"{'statistic': 0.9571618797624912, 'p_value': 2.160732609992177e-17, 'is_normal': False}","{'statistic': 0.8537998230666216, 'p_value': 1.1074860626861002e-30, 'is_normal': False}",-0.24543691484304628
entropy_harmony_vs_complexity_spectral,metric_vs_metric,entropy_harmony,complexity_spectral,False,Данные НЕ подходят для корреляции Пирсона,"{'statistic': 0.9571618797624912, 'p_value': 2.160732609992177e-17, 'is_normal': False}","{'statistic': 0.7663089762360052, 'p_value': 8.082981115840243e-37, 'is_normal': False}",-0.04914984599693727
entropy_harmony_vs_higuchi_fd,metric_vs_metric,entropy_harmony,higuchi_fd,False,Данные НЕ подходят для корреляции Пирсона,"{'statistic': 0.9571618797624912, 'p_value': 2.160732609992177e-17, 'is_normal': False}","{'statistic': 0.9656370628022828, 'p_value': 1.9853157042977833e-15, 'is_normal': False}",0.53497932828772
entropy_harmony_vs_box_counting_fd,metric_vs_metric,entropy_harmony,box_counting_fd,False,Данные НЕ подходят для корреляции Пирсона,"{'statistic': 0.9571618797624912, 'p_value': 2.160732609992177e-17, 'is_normal': False}","{'statistic': 0.8557200974988819, 'p_value': 1.6174661160977374e-30, 'is_normal': False}",-0.09544339111058879
complexity_harmony_vs_entropy_spectral,metric_vs_metric,complexity_harmony,entropy_spectral,False,Данные НЕ подходят для корреляции Пирсона,"{'statistic': 0.9840843961336143, 'p_value': 1.4023360149327263e-09, 'is_normal': False}","{'statistic': 0.8537998230666216, 'p_value': 1.1074860626861002e-30, 'is_normal': False}",0.1759457047288723
complexity_harmony_vs_complexity_spectral,metric_vs_metric,complexity_harmony,complexity_spectral,False,Данные НЕ подходят для корреляции Пирсона,"{'statistic': 0.9840843961336143, 'p_value': 1.4023360149327263e-09, 'is_normal': False}","{'statistic': 0.7663089762360052, 'p_value': 8.082981115840243e-37, 'is_normal': False}",-0.006846186905805751
complexity_harmony_vs_higuchi_fd,metric_vs_metric,complexity_harmony,higuchi_fd,False,Данные НЕ подходят для корреляции Пирсона,"{'statistic': 0.9840843961336143, 'p_value': 1.4023360149327263e-09, 'is_normal': False}","{'statistic': 0.9656370628022828, 'p_value': 1.9853157042977833e-15, 'is_normal': False}",-0.5136090909734132
complexity_harmony_vs_box_counting_fd,metric_vs_metric,complexity_harmony,box_counting_fd,False,Данные НЕ подходят для корреляции Пирсона,"{'statistic': 0.9840843961336143, 'p_value': 1.4023360149327263e-09, 'is_normal': False}","{'statistic': 0.8557200974988819, 'p_value': 1.6174661160977374e-30, 'is_normal': False}",-0.0025990266202210862
entropy_spectral_vs_complexity_spectral,metric_vs_metric,entropy_spectral,complexity_spectral,False,Данные НЕ подходят для корреляции Пирсона,"{'statistic': 0.8537998230666216, 'p_value': 1.1074860626861002e-30, 'is_normal': False}","{'statistic': 0.7663089762360052, 'p_value': 8.082981115840243e-37, 'is_normal': False}",0.3813980586953104
entropy_spectral_vs_higuchi_fd,metric_vs_metric,entropy_spectral,higuchi_fd,False,Данные НЕ подходят для корреляции Пирсона,"{'statistic': 0.8537998230666216, 'p_value': 1.1074860626861002e-30, 'is_normal': False}","{'statistic': 0.9656370628022828, 'p_value': 1.9853157042977833e-15, 'is_normal': False}",0.004107434809113766
entropy_spectral_vs_box_counting_fd,metric_vs_metric,entropy_spectral,box_counting_fd,False,Данные НЕ подходят для корреляции Пирсона,"{'statistic': 0.8537998230666216, 'p_value': 1.1074860626861002e-30, 'is_normal': False}","{'statistic': 0.8557200974988819, 'p_value': 1.6174661160977374e-30, 'is_normal': False}",0.2648854331994406
complexity_spectral_vs_higuchi_fd,metric_vs_metric,complexity_spectral,higuchi_fd,False,Данные НЕ подходят для корреляции Пирсона,"{'statistic': 0.7663089762360052, 'p_value': 8.082981115840243e-37, 'is_normal': False}","{'statistic': 0.9656370628022828, 'p_value': 1.9853157042977833e-15, 'is_normal': False}",-0.028200021605457
complexity_spectral_vs_box_counting_fd,metric_vs_metric,complexity_spectral,box_counting_fd,False,Данные НЕ подходят для корреляции Пирсона,"{'statistic': 0.7663089762360052, 'p_value': 8.082981115840243e-37, 'is_normal': False}","{'statistic': 0.8557200974988819, 'p_value': 1.6174661160977374e-30, 'is_normal': False}",0.05749828697290166
higuchi_fd_vs_box_counting_fd,metric_vs_metric,higuchi_fd,box_counting_fd,False,Данные НЕ подходят для корреляции Пирсона,"{'statistic': 0.9656370628022828, 'p_value': 1.9853157042977833e-15, 'is_normal': False}","{'statistic': 0.8557200974988819, 'p_value': 1.6174661160977374e-30, 'is_normal': False}",0.09669626958773543
